Fecha_Nacimiento;Edad_Cliente;Nombre_Agente;POLIZA_AUTOS;POLIZA_SOAT;POLIZA_VIDAINDIVIDUAL;POLIZA_SALUD;POLIZA_HOGAR;POLIZA_VIDAGRUPO;POLIZA_MASVIDA;POLIZA_ACCIDENTESPERSONALES;POLIZA_CUMPLIMIENTO;POLIZA_INCENDIO;POLIZA_JUVENIL;POLIZA_EXEQUIAL
3/10/1992;26;AGENCIA DE SEGUROS Y MEDICINA PREPAGADA VENSALUD LTDA;NO;NO;NO;SI;NO;NO;NO;NO;NO;NO;NO;NO
1/01/1970;49;JARDINE LLOYD THOMPSON VALENCIA & IRAGORRI CORREDORES DE SEGUROS S.A.;NO;NO;NO;NO;NO;SI;NO;NO;NO;NO;NO;NO
8/06/1968;50;SERVICIOS FINANCIEROS S.A. SERFINANSA COMPAÑIA DE FINANCIAMIENTO;NO;NO;NO;NO;NO;SI;NO;NO;NO;NO;NO;NO
21/01/1953;66;AON RISK SERVICES COLOMBIA S.A.;NO;NO;NO;NO;NO;SI;NO;NO;NO;NO;NO;NO
14/06/1954;64;WILLIS TOWERS WATSON COLOMBIA CORREDORES DE SEGUROS SA;SI;NO;NO;NO;NO;SI;NO;NO;NO;NO;NO;NO
12/07/1984;34;Sin Información;NO;NO;SI;NO;NO;NO;SI;NO;NO;NO;NO;SI
18/11/1994;24;ORFESEG LIMITADA ASESORES DE SEGUROS;NO;NO;NO;NO;NO;SI;NO;SI;NO;NO;NO;NO
14/08/1994;24;WILLIS TOWERS WATSON COLOMBIA CORREDORES DE SEGUROS SA;NO;NO;NO;NO;NO;SI;NO;NO;NO;NO;NO;NO
17/08/1984;34;SEGUROS GENERALES SURAMERICANA S.A.;NO;SI;NO;NO;NO;NO;NO;SI;NO;NO;NO;NO
13/01/1983;36;AON RISK SERVICES COLOMBIA S.A.;NO;NO;NO;NO;NO;SI;NO;NO;NO;NO;NO;NO
4/05/1985;33;SEGUROS GENERALES SURAMERICANA S.A.;NO;NO;SI;NO;NO;NO;NO;NO;NO;NO;NO;NO
31/12/1991;27;PREMIUM COLOMBIA LTDA ASESORES DE SEGUROS;NO;NO;NO;NO;NO;SI;NO;NO;NO;NO;NO;NO
15/07/1947;71;Sin Información;NO;NO;NO;NO;NO;NO;NO;NO;NO;NO;NO;NO
17/04/1950;68;CONTACTO DIRECTO ASESORES EN SEGUROS LTDA;NO;NO;NO;NO;NO;SI;NO;NO;NO;NO;NO;NO
28/06/1958;60;DELIMA MARSH S.A. LOS CORREDORES DE SEGUROS;NO;NO;NO;NO;NO;NO;NO;NO;NO;NO;NO;SI
27/11/1963;55;SERVICIOS FINANCIEROS S.A. SERFINANSA COMPAÑIA DE FINANCIAMIENTO;NO;NO;NO;NO;NO;SI;NO;NO;NO;NO;NO;NO
13/05/1980;38;SEGUROS GENERALES SURAMERICANA S.A.;NO;NO;SI;NO;NO;NO;NO;NO;NO;NO;NO;NO
25/02/1991;27;VELASCO HENAO  FRANCISCO JOSE;NO;NO;NO;NO;NO;SI;NO;NO;NO;NO;NO;NO
23/09/1977;41;Sin Información;NO;NO;NO;SI;NO;NO;NO;NO;NO;NO;NO;NO
2/06/1982;36;ASESORIAS INTEGRALES FUERTE SEGUROS LTDA;NO;NO;NO;NO;NO;SI;NO;NO;NO;NO;NO;NO
14/06/1985;33;SEGUROS GENERALES SURAMERICANA S.A.;NO;NO;NO;NO;NO;NO;NO;SI;NO;NO;NO;NO
26/11/1970;48;SEGUROS GENERALES SURAMERICANA S.A.;NO;NO;NO;NO;NO;NO;NO;NO;NO;NO;NO;SI
16/01/1991;28;AON RISK SERVICES COLOMBIA S.A.;NO;NO;NO;NO;NO;SI;NO;SI;NO;NO;NO;NO
5/11/1979;39;AON RISK SERVICES COLOMBIA S.A.;NO;NO;NO;NO;NO;SI;NO;NO;NO;NO;NO;NO
5/05/1970;48;CORREA MEJIA  JULIANA;SI;NO;SI;NO;NO;NO;NO;NO;NO;NO;NO;NO
16/02/1979;39;SEGUROS GENERALES SURAMERICANA S.A.;NO;SI;SI;NO;NO;NO;NO;NO;NO;NO;NO;NO
16/05/1965;53;SEGUROS GENERALES SURAMERICANA S.A.;NO;NO;SI;NO;NO;NO;NO;NO;NO;NO;NO;NO
26/05/1962;56;WILLIS TOWERS WATSON COLOMBIA CORREDORES DE SEGUROS SA;NO;NO;NO;NO;NO;SI;NO;NO;NO;NO;NO;NO
21/01/2020;-1;HOWDEN WACOLDA S.A. CORREDORES DE SEGUROS;NO;NO;NO;NO;NO;NO;NO;NO;SI;NO;NO;NO
9/05/1951;67;Sin Información;NO;NO;NO;NO;NO;SI;NO;NO;NO;NO;NO;NO
28/02/1960;58;SUPERNOVA SEGUROS LTDA;NO;NO;NO;NO;NO;SI;NO;SI;NO;NO;NO;NO
7/05/1990;28;Sin Información;NO;NO;NO;NO;NO;NO;NO;SI;NO;NO;NO;NO
23/07/1963;55;SEGUROS GENERALES SURAMERICANA S.A.;NO;SI;SI;NO;NO;NO;NO;NO;NO;NO;NO;NO
27/02/1982;36;WILLIS TOWERS WATSON COLOMBIA CORREDORES DE SEGUROS SA;NO;NO;NO;NO;NO;SI;NO;NO;NO;NO;NO;NO
28/01/1993;25;SEGUROS GENERALES SURAMERICANA S.A.;NO;NO;NO;NO;NO;NO;NO;NO;NO;NO;NO;NO
21/01/2020;-1;COMERCIAL COLOMBIANA LTDA AGENCIA DE SEGUROS;NO;NO;NO;NO;NO;NO;NO;NO;NO;NO;SI;NO
1/01/1974;45;SEGUROS GENERALES SURAMERICANA S.A.;NO;NO;NO;NO;NO;SI;NO;NO;NO;NO;NO;NO
20/06/1986;32;WILLIS TOWERS WATSON COLOMBIA CORREDORES DE SEGUROS SA;NO;NO;NO;NO;NO;SI;NO;NO;NO;NO;NO;NO
21/01/2020;-1;SEGUROS GENERALES SURAMERICANA S.A.;NO;SI;NO;NO;NO;NO;NO;NO;NO;NO;NO;NO
29/08/1986;32;ASEKURA AGENCIA DE SEGU;SI;NO;NO;NO;NO;NO;NO;NO;NO;NO;NO;NO
9/02/1981;37;HURTADO PEREZ  LEON JAIME;NO;NO;NO;NO;NO;SI;NO;NO;NO;NO;NO;NO
5/08/1991;27;SERVICIOS FINANCIEROS S.A. SERFINANSA COMPAÑIA DE FINANCIAMIENTO;NO;NO;NO;NO;NO;SI;NO;NO;NO;NO;NO;NO
25/09/1969;49;ANTIOQUEÑA DE AUTOMOTORES Y REPUESTOS S.A.;NO;SI;NO;NO;NO;NO;NO;NO;NO;NO;NO;NO
3/12/1970;48;AON RISK SERVICES COLOMBIA S.A.;NO;NO;NO;NO;NO;SI;NO;NO;NO;NO;NO;NO
26/03/1977;41;SEGUROS GENERALES SURAMERICANA S.A.;NO;NO;NO;NO;NO;SI;NO;SI;NO;NO;NO;NO
21/01/2020;-1;COMERCIAL COLOMBIANA LTDA AGENCIA DE SEGUROS;NO;NO;NO;NO;NO;NO;NO;NO;NO;NO;SI;NO
4/12/1955;63;AON RISK SERVICES COLOMBIA S.A.;SI;NO;NO;NO;NO;NO;NO;NO;NO;NO;NO;NO
12/11/1987;31;WILLIS TOWERS WATSON COLOMBIA CORREDORES DE SEGUROS SA;NO;NO;NO;NO;NO;SI;NO;NO;NO;NO;NO;NO
15/08/1957;61;WILLIS TOWERS WATSON COLOMBIA CORREDORES DE SEGUROS SA;NO;NO;NO;NO;NO;SI;NO;NO;NO;NO;NO;NO
3/03/1970;48;CORRECOL CORREDORES COLOMBIANOS DE SEGUROS -PUDIEN;SI;NO;NO;NO;SI;NO;NO;NO;NO;NO;NO;NO
21/01/2020;-1;SEGURHOY LTDA. PROMOT. DE SEG.;NO;NO;NO;NO;NO;NO;NO;NO;SI;NO;NO;NO
18/10/1989;29;SEGUROS GENERALES SURAMERICANA S.A.;NO;NO;NO;NO;NO;NO;NO;SI;NO;NO;NO;NO
18/08/1985;33;SEGUROS GENERALES SURAMERICANA S.A.;NO;NO;SI;NO;NO;NO;NO;NO;NO;NO;NO;NO
21/01/2020;-1;COMERCIAL COLOMBIANA LTDA AGENCIA DE SEGUROS;NO;NO;NO;NO;NO;NO;NO;NO;NO;NO;SI;NO
6/12/1976;42;S M ASESORES EN SEGUROS Y CIA LTDA;NO;NO;NO;NO;NO;SI;NO;NO;NO;NO;NO;NO
23/08/1974;44;DIAZ ESPINOSA  FABIO ANDRES;NO;NO;NO;NO;NO;NO;NO;SI;NO;NO;NO;NO
22/06/1990;28;WILLIS TOWERS WATSON COLOMBIA CORREDORES DE SEGUROS SA;NO;NO;NO;NO;NO;SI;NO;NO;NO;NO;NO;NO
20/04/1961;57;SEGUROS GENERALES SURAMERICANA S.A.;NO;NO;SI;NO;NO;NO;NO;NO;NO;NO;NO;NO
10/10/1987;31;Sin Información;NO;NO;SI;NO;NO;NO;SI;NO;NO;NO;NO;SI
11/04/1982;36;GRUPO COOGRANADA ASESORESEN SEGUROS LTDA;NO;NO;NO;NO;NO;SI;NO;NO;NO;NO;NO;NO
5/06/1973;45;SEGUROS DE VIDA SURAMERICANA S.A.;SI;NO;NO;NO;NO;NO;NO;NO;NO;NO;NO;NO
28/09/1986;32;WILLIS TOWERS WATSON COLOMBIA CORREDORES DE SEGUROS SA;NO;NO;NO;NO;NO;SI;NO;NO;NO;NO;NO;NO
23/07/1963;55;SEGUROS GENERALES SURAMERICANA S.A.;NO;SI;NO;NO;NO;NO;NO;NO;NO;NO;NO;NO
24/09/1976;42;Sin Información;NO;NO;NO;NO;NO;NO;NO;NO;NO;NO;NO;NO
27/12/1970;48;Sin Información;NO;NO;NO;NO;NO;NO;NO;NO;NO;NO;NO;NO
15/04/1975;43;AON RISK SERVICES COLOMBIA S.A.;NO;NO;NO;NO;NO;SI;NO;NO;NO;NO;NO;NO
21/01/2020;-1;COMERCIAL COLOMBIANA LTDA AGENCIA DE SEGUROS;NO;NO;NO;NO;NO;NO;NO;NO;NO;NO;SI;NO
21/02/1961;57;ALVAREZ ARDILA  LUIS CARLOS;NO;NO;NO;NO;NO;SI;NO;SI;NO;NO;NO;NO
10/07/2018;0;IDEAR SEGUROS LTDA;NO;NO;NO;SI;NO;NO;NO;NO;NO;NO;NO;NO
21/01/2020;-1;DELIMA MARSH S.A. LOS CORREDORES DE SEGUROS;NO;NO;NO;NO;NO;NO;NO;NO;NO;NO;SI;NO
5/12/1956;62;SEGUROS GENERALES SURAMERICANA S.A.;NO;NO;SI;NO;NO;NO;NO;NO;NO;NO;NO;NO
22/12/1948;70;WILLIS TOWERS WATSON COLOMBIA CORREDORES DE SEGUROS SA;NO;NO;NO;NO;NO;SI;NO;NO;NO;NO;NO;NO
11/11/1987;31;WILLIS TOWERS WATSON COLOMBIA CORREDORES DE SEGUROS SA;NO;NO;NO;NO;NO;SI;NO;NO;NO;NO;NO;NO
21/01/2020;-1;ITAU CORREDOR DE SEGUROS COLOMBIA S.A;NO;NO;NO;NO;NO;NO;NO;NO;NO;NO;SI;NO
8/06/1982;36;SEGUROS GENERALES SURAMERICANA S.A.;NO;SI;NO;NO;NO;NO;NO;NO;NO;NO;NO;NO
7/10/1967;51;WILLIS TOWERS WATSON COLOMBIA CORREDORES DE SEGUROS SA;NO;NO;NO;NO;NO;SI;NO;NO;NO;NO;NO;NO
27/05/1995;23;SEGUROS GENERALES SURAMERICANA S.A.;NO;SI;NO;NO;NO;NO;NO;NO;NO;NO;NO;NO
9/04/1963;55;Sin Información;NO;NO;NO;NO;NO;NO;NO;SI;NO;NO;NO;NO
5/12/1974;44;CAUSIL MESTRA  BLANCA POLICARPA;NO;NO;NO;NO;NO;NO;NO;NO;NO;NO;NO;NO
21/01/2020;-1;SERVICIOS FINANCIEROS S.A. SERFINANSA COMPAÑIA DE FINANCIAMIENTO;NO;NO;NO;NO;NO;SI;NO;NO;NO;NO;NO;NO
15/08/1989;29;WILLIS TOWERS WATSON COLOMBIA CORREDORES DE SEGUROS SA;SI;NO;NO;NO;NO;SI;NO;NO;NO;NO;NO;NO
19/09/1982;36;WILLIS TOWERS WATSON COLOMBIA CORREDORES DE SEGUROS SA;SI;NO;NO;NO;NO;NO;NO;NO;NO;NO;NO;NO
21/01/2020;-1;DELIMA MARSH S.A. LOS CORREDORES DE SEGUROS;NO;NO;NO;NO;NO;NO;NO;NO;NO;NO;SI;NO
9/07/1934;84;AON RISK SERVICES COLOMBIA S.A.;NO;NO;NO;SI;NO;NO;NO;NO;NO;NO;NO;NO
17/02/1978;40;WILLIS TOWERS WATSON COLOMBIA CORREDORES DE SEGUROS SA;NO;NO;NO;NO;NO;SI;NO;NO;NO;NO;NO;NO
4/08/1993;25;SEGUROS GENERALES SURAMERICANA S.A.;NO;NO;SI;NO;NO;NO;NO;NO;NO;NO;NO;NO
27/07/1968;50;REPRESENTACIONES Y ASESORIAS TCACHMAN Y CIA LIMITA;NO;NO;SI;NO;NO;NO;NO;NO;NO;NO;NO;NO
28/12/1993;25;SERVICIOS FINANCIEROS S.A. SERFINANSA COMPAÑIA DE FINANCIAMIENTO;NO;NO;NO;NO;NO;SI;NO;NO;NO;NO;NO;NO
1/05/1993;25;ESPITIA SILVA  DAVID CAMILO;NO;NO;NO;NO;NO;SI;NO;SI;NO;NO;NO;NO
27/10/1979;39;SEGUROS GENERALES SURAMERICANA S.A.;NO;NO;NO;NO;NO;SI;NO;SI;NO;NO;NO;NO
8/02/1995;23;SEGUROS GENERALES SURAMERICANA S.A.;NO;NO;SI;NO;NO;NO;NO;NO;NO;NO;NO;NO
9/09/1984;34;C R CONSULTORES DE SEGUROS LIMI;NO;NO;NO;SI;NO;NO;NO;NO;NO;NO;NO;NO
15/07/1954;64;AON RISK SERVICES COLOMBIA S.A.;NO;NO;NO;NO;NO;SI;NO;NO;NO;NO;NO;NO
23/06/1960;58;JARDINE LLOYD THOMPSON VALENCIA & IRAGORRI CORREDORES DE SEGUROS S.A.;NO;NO;NO;NO;NO;SI;NO;NO;NO;NO;NO;NO
1/05/1960;58;SERVICIOS FINANCIEROS S.A. SERFINANSA COMPAÑIA DE FINANCIAMIENTO;NO;NO;NO;NO;NO;SI;NO;NO;NO;NO;NO;NO
12/04/1995;23;AON RISK SERVICES COLOMBIA S.A.;NO;NO;NO;NO;NO;SI;NO;NO;NO;NO;NO;NO
1/10/1979;39;BAUTISTA GUEVARA  HELMER BAUTISTA;NO;NO;NO;NO;NO;NO;NO;NO;NO;NO;NO;NO
18/08/1966;52;COOMEVA CORREDORES DE SEGUROS S.A.;NO;NO;NO;NO;NO;NO;NO;SI;NO;NO;NO;NO
28/10/1992;26;SEGUROS GENERALES SURAMERICANA S.A.;NO;NO;SI;NO;NO;NO;NO;NO;NO;NO;NO;NO
23/04/1966;52;PLAZAS MOLINA PROMOTORES DE SEGUROS LTDA;NO;NO;NO;NO;NO;SI;NO;SI;NO;NO;NO;NO
17/09/1980;38;SERVICIOS FINANCIEROS S.A. SERFINANSA COMPAÑIA DE FINANCIAMIENTO;NO;NO;NO;NO;NO;SI;NO;NO;NO;NO;NO;NO
3/06/1986;32;COOPROSEGUROS AGENCIA DE SEGUROS LTDA;NO;NO;NO;SI;NO;NO;NO;NO;NO;NO;NO;NO
15/06/1966;52;AON RISK SERVICES COLOMBIA S.A.;NO;NO;NO;NO;NO;SI;NO;NO;NO;NO;NO;NO
5/05/1953;65;MORALES PEÑA  LORENA CRISTINA;NO;NO;NO;NO;NO;NO;NO;SI;NO;NO;NO;NO
19/07/1994;24;WILLIS TOWERS WATSON COLOMBIA CORREDORES DE SEGUROS SA;SI;NO;NO;NO;NO;SI;NO;NO;NO;NO;NO;NO
23/12/1941;77;GRUPO COOGRANADA ASESORESEN SEGUROS LTDA;NO;NO;NO;NO;NO;SI;NO;NO;NO;NO;NO;NO
15/12/1972;46;WILLIS TOWERS WATSON COLOMBIA CORREDORES DE SEGUROS SA;NO;NO;NO;NO;NO;SI;NO;NO;NO;NO;NO;NO
8/09/1982;36;A&S ASESORES DE SEGUROS LTDA;NO;NO;NO;NO;NO;SI;NO;SI;NO;NO;NO;NO
21/01/2020;-1;COMERCIAL COLOMBIANA LTDA AGENCIA DE SEGUROS;NO;NO;NO;NO;NO;NO;NO;NO;NO;NO;SI;NO
2/04/1975;43;WILLIS TOWERS WATSON COLOMBIA CORREDORES DE SEGUROS SA;SI;NO;NO;NO;NO;NO;NO;NO;NO;NO;NO;NO
21/01/2020;-1;SUSANA VICTORIA BOTELLO CARLUCCI;SI;NO;NO;NO;NO;NO;NO;NO;NO;NO;NO;NO
1/01/1988;31;PIZZA SANTOS  JULIAN YESID;NO;NO;NO;NO;NO;NO;NO;SI;NO;NO;NO;NO
24/01/1967;51;WILLIS TOWERS WATSON COLOMBIA CORREDORES DE SEGUROS SA;NO;NO;NO;NO;NO;SI;NO;NO;NO;NO;NO;NO
3/12/1967;51;ACDAC AGENCIA DE SEGUROS LTDA;SI;NO;NO;NO;NO;NO;NO;NO;NO;NO;NO;NO
20/01/1965;54;WILLIS TOWERS WATSON COLOMBIA CORREDORES DE SEGUROS SA;NO;NO;NO;NO;NO;SI;NO;NO;NO;NO;NO;NO
15/10/1965;53;ARTHUR J GALLAGHER CORREDORES DE SEGUROS SA;NO;NO;NO;NO;NO;NO;NO;NO;NO;NO;NO;NO
11/12/1974;44;SEGUROS GENERALES SURAMERICANA S.A.;NO;SI;NO;NO;NO;NO;NO;NO;NO;NO;NO;NO
19/01/1976;43;WILLIS TOWERS WATSON COLOMBIA CORREDORES DE SEGUROS SA;NO;NO;NO;NO;NO;SI;NO;NO;NO;NO;NO;NO
25/12/1973;45;SEGUROS GENERALES SURAMERICANA S.A.;NO;SI;NO;NO;NO;NO;NO;NO;NO;NO;NO;NO
20/03/1991;27;A&S ASESORES DE SEGUROS LTDA;NO;NO;NO;NO;NO;NO;NO;NO;NO;NO;NO;NO
25/04/1960;58;Sin Información;NO;NO;NO;NO;NO;NO;NO;NO;NO;NO;NO;NO
21/01/2020;-1;ITAU CORREDOR DE SEGUROS COLOMBIA S.A;NO;NO;NO;NO;NO;NO;NO;NO;NO;NO;SI;NO
18/01/1958;61;SEGUROS GENERALES SURAMERICANA S.A.;NO;NO;SI;NO;NO;NO;NO;NO;NO;NO;NO;NO
28/03/1965;53;WILLIS TOWERS WATSON COLOMBIA CORREDORES DE SEGUROS SA;NO;NO;NO;NO;NO;SI;NO;NO;NO;NO;NO;NO
23/11/1959;59;Sin Información;NO;NO;NO;NO;NO;NO;NO;SI;NO;NO;NO;NO
2/10/1971;47;WILLIS TOWERS WATSON COLOMBIA CORREDORES DE SEGUROS SA;NO;NO;NO;NO;NO;SI;NO;NO;NO;NO;NO;NO
6/08/1984;34;RODRIGUEZ LOPEZ  FREDY GEOVANNI;NO;NO;NO;NO;NO;NO;NO;NO;NO;NO;NO;NO
21/01/2020;-1;COMERCIAL COLOMBIANA LTDA AGENCIA DE SEGUROS;NO;NO;NO;NO;NO;NO;NO;NO;NO;NO;SI;NO
13/11/1959;59;MATRICULAR S.A.S;NO;SI;NO;NO;NO;NO;NO;NO;NO;NO;NO;NO
9/06/1984;34;SEGUROS GENERALES SURAMERICANA S.A.;NO;NO;SI;NO;NO;NO;NO;NO;NO;NO;NO;NO
7/05/1987;31;COOPROSEGUROS AGENCIA DE SEGUROS LTDA;NO;NO;NO;SI;NO;NO;NO;NO;NO;NO;NO;NO
14/09/1977;41;AGENCIA DE SEGU ROS R&V LTDA.;NO;NO;NO;NO;NO;NO;NO;NO;NO;NO;NO;NO
2/03/1968;50;DELIMA MARSH S.A. LOS CORREDORES DE SEGUROS;SI;NO;NO;NO;NO;NO;NO;NO;NO;NO;NO;NO
5/12/1985;33;SEGUROS GENERALES SURAMERICANA S.A.;NO;NO;NO;NO;NO;NO;NO;NO;NO;NO;NO;NO
1/01/1992;27;SEGUROS GENERALES SURAMERICANA S.A.;NO;SI;NO;NO;NO;NO;NO;NO;NO;NO;NO;NO
15/05/1967;51;SEGUROS GENERALES SURAMERICANA S.A.;NO;SI;NO;NO;NO;NO;NO;NO;NO;NO;NO;NO
25/01/1977;41;RINCON SIERRA  CARLOS ORLANDO;NO;NO;NO;NO;NO;NO;NO;SI;NO;NO;NO;NO
10/08/1978;40;SEGUROS GENERALES SURAMERICANA S.A.;NO;NO;SI;NO;NO;NO;NO;NO;NO;NO;NO;NO
15/09/1999;19;GUTIERREZ ANGEL  ADRIANA;NO;NO;NO;NO;NO;SI;NO;SI;NO;NO;NO;NO
3/05/1987;31;WILLIS TOWERS WATSON COLOMBIA CORREDORES DE SEGUROS SA;NO;NO;NO;NO;NO;SI;NO;NO;NO;NO;NO;NO
21/01/2020;-1;SEGUROS GENERALES SURAMERICANA S.A.;NO;SI;NO;NO;NO;NO;NO;NO;NO;NO;NO;NO
13/04/1993;25;SEGUROS GENERALES SURAMERICANA S.A.;NO;SI;NO;NO;NO;NO;NO;NO;NO;NO;NO;NO
26/09/1984;34;SEGUROS GENERALES SURAMERICANA S.A.;NO;NO;SI;NO;NO;NO;NO;NO;NO;NO;NO;NO
21/11/1970;48;COLOM RIERA  FRANCISCO JOSE;NO;NO;NO;NO;NO;SI;NO;SI;NO;NO;NO;NO
13/09/1977;41;LOPEZ DIAZ  JACKELINE;NO;NO;SI;NO;NO;NO;NO;NO;NO;NO;NO;NO
17/01/1970;49;BERNAL LOZANO  JANETH;NO;NO;NO;NO;NO;SI;NO;NO;NO;NO;NO;NO
21/01/2020;-1;COOPROSEGUROS AGENCIA DE SEGUROS LTDA;NO;NO;NO;NO;NO;NO;NO;NO;NO;NO;SI;NO
21/01/2020;-1;SEGUROS GENERALES SURAMERICANA S.A.;NO;SI;NO;NO;NO;NO;NO;NO;NO;NO;NO;NO
18/02/1966;52;MORAN LARA, BORIS FELIPE;SI;NO;NO;NO;NO;NO;NO;NO;NO;NO;NO;NO
2/12/1982;36;SEGUROS GENERALES SURAMERICANA S.A.;NO;NO;SI;NO;NO;NO;NO;NO;NO;NO;NO;NO
11/04/1971;47;BANCO FALABELLA S A;NO;NO;NO;NO;NO;SI;NO;NO;NO;NO;NO;NO
20/02/1951;67;Sin Información;NO;NO;NO;NO;NO;NO;NO;SI;NO;NO;NO;NO
22/10/1953;65;WILLIS TOWERS WATSON COLOMBIA CORREDORES DE SEGUROS SA;SI;NO;NO;NO;NO;SI;NO;NO;NO;NO;NO;NO
21/01/2020;-1;SEGUROS GENERALES SURAMERICANA S.A.;NO;NO;NO;NO;NO;SI;NO;NO;NO;NO;NO;NO
15/02/1963;55;BUENO ROA  EDWIN YOAN;SI;NO;NO;NO;NO;NO;NO;NO;NO;NO;NO;NO
12/06/1956;62;SEGUROS GENERALES SURAMERICANA S.A.;NO;NO;SI;NO;NO;NO;NO;NO;NO;NO;NO;NO
24/10/1963;55;AON RISK SERVICES COLOMBIA S.A.;NO;NO;NO;NO;NO;SI;NO;NO;NO;NO;NO;NO
20/08/1981;37;CORP. DE SEG. COLECTIVOS, S.A.;NO;NO;NO;NO;NO;NO;NO;NO;NO;NO;NO;NO
1/12/1994;24;WILLIS TOWERS WATSON COLOMBIA CORREDORES DE SEGUROS SA;NO;NO;NO;NO;NO;SI;NO;NO;NO;NO;NO;NO
22/02/1962;56;TOLEDO TOVAR  HECTOR HERNAN;NO;NO;NO;NO;SI;NO;NO;NO;NO;NO;NO;NO
8/05/1993;25;AON RISK SERVICES COLOMBIA S.A.;NO;NO;NO;NO;NO;SI;NO;NO;NO;NO;NO;NO
21/01/2020;-1;SEGUROS GENERALES SURAMERICANA S.A.;NO;NO;NO;NO;NO;SI;NO;SI;NO;NO;NO;NO
13/11/1974;44;WILLIS TOWERS WATSON COLOMBIA CORREDORES DE SEGUROS SA;NO;NO;NO;NO;NO;SI;NO;NO;NO;NO;NO;NO
2/04/1987;31;ITAU CORREDOR DE SEGUROS COLOMBIA S.A;NO;NO;NO;NO;NO;SI;NO;SI;NO;NO;NO;NO
3/03/1992;26;ABRIL RIESGOS Y SEGUROS LIMIT;NO;NO;NO;NO;NO;SI;NO;NO;NO;NO;NO;NO
18/06/1997;21;SEGUROS GENERALES SURAMERICANA S.A.;NO;NO;NO;NO;NO;NO;NO;NO;NO;NO;NO;NO
5/03/1987;31;WILLIS TOWERS WATSON COLOMBIA CORREDORES DE SEGUROS SA;SI;NO;NO;NO;NO;NO;NO;NO;NO;NO;NO;NO
24/09/1961;57;WILLIS TOWERS WATSON COLOMBIA CORREDORES DE SEGUROS SA;NO;NO;NO;NO;NO;SI;NO;NO;NO;NO;NO;NO
30/11/1988;30;ABBA LTDA ASESORES DE SEGUROS;NO;SI;SI;NO;NO;NO;NO;SI;NO;NO;NO;NO
16/02/1986;32;INSURANCE BROKER SEGUROS LTDA.;NO;NO;NO;NO;NO;NO;NO;NO;NO;NO;NO;NO
3/10/1996;22;SEGUROS GENERALES SURAMERICANA S.A.;NO;NO;SI;NO;NO;NO;NO;NO;NO;NO;NO;NO
20/08/1984;34;SEGUROS GENERALES SURAMERICANA S.A.;NO;NO;SI;NO;NO;NO;NO;NO;NO;NO;NO;NO
10/03/1969;49;AON RISK SERVICES COLOMBIA S.A.;NO;NO;NO;NO;NO;SI;NO;NO;NO;NO;NO;NO
12/06/1976;42;WILLIS TOWERS WATSON COLOMBIA CORREDORES DE SEGUROS SA;NO;NO;NO;NO;NO;SI;NO;NO;NO;NO;NO;NO
21/01/2020;-1;COMERCIAL COLOMBIANA LTDA AGENCIA DE SEGUROS;NO;NO;NO;NO;NO;NO;NO;NO;NO;NO;SI;NO
5/04/1989;29;WILLIS TOWERS WATSON COLOMBIA CORREDORES DE SEGUROS SA;NO;NO;NO;NO;NO;SI;NO;SI;NO;NO;NO;NO
30/09/1991;27;WILLIS TOWERS WATSON COLOMBIA CORREDORES DE SEGUROS SA;NO;NO;NO;NO;NO;SI;NO;NO;NO;NO;NO;NO
12/11/1991;27;SERVICIOS FINANCIEROS S.A. SERFINANSA COMPAÑIA DE FINANCIAMIENTO;NO;NO;NO;NO;NO;SI;NO;NO;NO;NO;NO;NO
4/02/1978;40;SEGUROS GENERALES SURAMERICANA S.A.;NO;SI;NO;NO;NO;NO;NO;NO;NO;NO;NO;NO
21/01/2020;-1;ITAU CORREDOR DE SEGUROS COLOMBIA S.A;NO;NO;NO;NO;NO;NO;NO;NO;NO;NO;SI;NO
22/08/1981;37;Sin Información;NO;NO;NO;NO;NO;NO;NO;NO;NO;NO;NO;NO
21/01/2020;-1;COMERCIAL COLOMBIANA LTDA AGENCIA DE SEGUROS;NO;NO;NO;NO;NO;NO;NO;NO;NO;NO;SI;NO
11/12/1968;50;TOBAR ARIAS  JIMMY MAURICIO;NO;NO;SI;NO;NO;SI;NO;SI;NO;NO;NO;NO
24/04/1971;47;SEGUROS GENERALES SURAMERICANA S.A.;NO;NO;SI;NO;NO;NO;NO;NO;NO;NO;NO;SI
29/04/1966;52;SERVICIOS FINANCIEROS S.A. SERFINANSA COMPAÑIA DE FINANCIAMIENTO;NO;NO;NO;NO;NO;SI;NO;NO;NO;NO;NO;NO
3/03/1991;27;WILLIS TOWERS WATSON COLOMBIA CORREDORES DE SEGUROS SA;NO;NO;NO;NO;NO;SI;NO;NO;NO;NO;NO;NO
3/04/1977;41;JARDINE LLOYD THOMPSON VALENCIA & IRAGORRI CORREDORES DE SEGUROS S.A.;NO;NO;NO;SI;NO;NO;NO;NO;NO;NO;NO;NO
21/01/2020;-1;S M ASESORES EN SEGUROS Y CIA LTDA;NO;NO;NO;NO;NO;NO;NO;NO;NO;NO;SI;NO
29/08/1986;32;AON RISK SERVICES COLOMBIA S.A.;NO;NO;NO;NO;SI;SI;NO;SI;NO;NO;NO;NO
15/10/1978;40;WILLIS TOWERS WATSON COLOMBIA CORREDORES DE SEGUROS SA;NO;NO;NO;NO;NO;SI;NO;NO;NO;NO;NO;NO
22/05/1991;27;SEGUROS GENERALES SURAMERICANA S.A.;NO;NO;SI;NO;NO;NO;NO;NO;NO;NO;NO;SI
29/06/1984;34;SEGUROS GENERALES SURAMERICANA S.A.;NO;SI;NO;NO;NO;NO;NO;NO;NO;NO;NO;NO
27/11/2010;8;AON RISK SERVICES COLOMBIA S.A.;NO;NO;NO;SI;NO;NO;NO;NO;NO;NO;NO;NO
21/01/2020;-1;COOPROSEGUROS AGENCIA DE SEGUROS LTDA;NO;NO;NO;NO;NO;NO;NO;NO;NO;NO;SI;NO
22/08/1981;37;AON RISK SERVICES COLOMBIA S.A.;NO;NO;NO;SI;NO;SI;NO;SI;NO;NO;NO;NO
19/06/1998;20;GRUPO COOGRANADA ASESORESEN SEGUROS LTDA;NO;NO;NO;NO;NO;NO;NO;NO;NO;NO;NO;NO
29/04/1994;24;SEGUROS GENERALES SURAMERICANA S.A.;NO;NO;SI;NO;NO;NO;NO;NO;NO;NO;NO;NO
3/09/1988;30;HOLGUIN GIRALDO  DORA LUZ;NO;NO;SI;SI;NO;NO;NO;NO;NO;NO;NO;NO
8/09/1994;24;GUTIERREZ GAVIRIA  LILIANA MARIA;NO;NO;NO;NO;NO;SI;NO;SI;NO;NO;NO;NO
25/07/1977;41;AON RISK SERVICES COLOMBIA S.A.;NO;NO;NO;NO;NO;SI;NO;NO;NO;NO;NO;NO
2/04/1992;26;Sin Información;NO;NO;NO;NO;NO;NO;NO;SI;NO;NO;NO;NO
12/07/1990;28;CAVIEDES GONGORA  YENY JOHANNA;NO;NO;NO;NO;NO;NO;NO;NO;NO;NO;NO;NO
13/04/1980;38;AON RISK SERVICES COLOMBIA S.A.;NO;NO;NO;NO;NO;SI;NO;NO;NO;NO;NO;NO
30/11/1982;36;SEGUROS GENERALES SURAMERICANA S.A.;NO;NO;NO;NO;NO;NO;NO;NO;NO;NO;NO;NO
25/08/1983;35;AON RISK SERVICES COLOMBIA S.A.;NO;NO;NO;NO;NO;SI;NO;NO;NO;NO;NO;NO
31/01/2012;6;OLANO ASESORES LTDA.;NO;NO;NO;SI;NO;NO;NO;NO;NO;NO;NO;NO
5/10/1959;59;Sin Información;NO;NO;NO;NO;NO;NO;NO;NO;NO;NO;NO;NO
8/05/2000;18;OSPINO PRATO  YANETH ROXANA;NO;NO;NO;SI;NO;NO;NO;NO;NO;NO;NO;NO
21/01/2020;-1;COMERCIAL COLOMBIANA LTDA AGENCIA DE SEGUROS;NO;NO;NO;NO;NO;NO;NO;NO;NO;NO;SI;NO
8/10/1989;29;SEGUROS GENERALES SURAMERICANA S.A.;NO;NO;NO;NO;NO;NO;NO;NO;NO;NO;NO;NO
14/03/1999;19;EPS Y MEDICINA PREPAGADA SURAMERICANA S.A.;NO;NO;NO;NO;NO;NO;NO;NO;NO;NO;NO;NO
21/01/2020;-1;WILLIS TOWERS WATSON COLOMBIA CORREDORES DE SEGUROS SA;NO;NO;NO;NO;NO;SI;NO;NO;NO;NO;NO;NO
16/10/1982;36;SEGUROS GENERALES SURAMERICANA S.A.;NO;NO;NO;NO;NO;NO;NO;NO;NO;NO;NO;NO
21/01/2020;-1;COMERCIAL COLOMBIANA LTDA AGENCIA DE SEGUROS;NO;NO;NO;NO;NO;NO;NO;NO;NO;NO;SI;NO
11/08/1983;35;SEGUROS GENERALES SURAMERICANA S.A.;NO;NO;SI;NO;NO;NO;NO;NO;NO;NO;NO;NO
14/04/1972;46;JARDINE LLOYD THOMPSON VALENCIA & IRAGORRI CORREDORES DE SEGUROS S.A.;NO;NO;NO;NO;NO;SI;NO;SI;NO;NO;NO;NO
18/01/1961;58;WILLIS TOWERS WATSON COLOMBIA CORREDORES DE SEGUROS SA;NO;NO;NO;NO;NO;SI;NO;NO;NO;NO;NO;NO
17/03/1982;36;WILLIS TOWERS WATSON COLOMBIA CORREDORES DE SEGUROS SA;NO;NO;NO;NO;NO;SI;NO;NO;NO;NO;NO;NO
21/01/2020;-1;COMERCIAL COLOMBIANA LTDA AGENCIA DE SEGUROS;NO;NO;NO;NO;NO;NO;NO;NO;NO;NO;SI;NO
18/04/1975;43;SEGUROS GENERALES SURAMERICANA S.A.;NO;NO;SI;NO;NO;NO;NO;NO;NO;NO;NO;NO
21/04/1977;41;SEGUROS GENERALES SURAMERICANA S.A.;NO;SI;NO;NO;NO;NO;NO;NO;NO;NO;NO;NO
26/08/1999;19;Sin Información;NO;NO;NO;NO;NO;SI;NO;NO;NO;NO;NO;NO
21/01/2020;-1;SEGUROS GENERALES SURAMERICANA S.A.;NO;SI;NO;NO;NO;NO;NO;NO;NO;NO;NO;NO
14/05/1975;43;WILLIS TOWERS WATSON COLOMBIA CORREDORES DE SEGUROS SA;NO;NO;NO;NO;NO;SI;NO;NO;NO;NO;NO;NO
8/10/1969;49;TORRES PEREZ  ENZO JULIAN;NO;NO;NO;NO;NO;SI;NO;NO;NO;NO;NO;NO
21/01/2020;-1;AON RISK SERVICES COLOMBIA S.A.;NO;NO;NO;NO;NO;SI;NO;NO;NO;NO;NO;NO
13/08/1956;62;POLISEGUROS ASESORES EN SEGUROS LTDA;NO;NO;NO;NO;NO;SI;NO;NO;NO;NO;NO;NO
18/10/1965;53;SEGUROS GENERALES SURAMERICANA S.A.;NO;NO;NO;SI;NO;SI;NO;SI;NO;NO;NO;NO
20/02/1980;38;QUIÑONEZ BERMUDEZ  ELVIA -;SI;NO;NO;NO;NO;NO;NO;NO;NO;NO;NO;NO
26/06/1976;42;WILLIS TOWERS WATSON COLOMBIA CORREDORES DE SEGUROS SA;NO;NO;NO;NO;NO;SI;NO;NO;NO;NO;NO;NO
26/06/1969;49;SEGUROS GENERALES SURAMERICANA S.A.;NO;NO;SI;NO;NO;NO;NO;NO;NO;NO;NO;SI
13/03/1997;21;DELIMA MARSH S.A. LOS CORREDORES DE SEGUROS;NO;NO;NO;NO;NO;SI;NO;SI;NO;NO;NO;NO
21/01/2020;-1;OCAMPO CARDONA  BEATRIZ ELENA;NO;NO;NO;NO;NO;NO;NO;NO;NO;NO;SI;NO
21/01/2020;-1;QUIÑONEZ BERMUDEZ  ELVIA -;NO;NO;NO;NO;NO;NO;NO;NO;NO;NO;SI;NO
21/01/2020;-1;ORFESEG LIMITADA ASESORES DE SEGUROS;NO;NO;NO;NO;NO;NO;NO;NO;SI;NO;NO;NO
21/01/2020;-1;CONTACTO DIRECTO ASESORES EN SEGUROS LTDA;NO;NO;NO;NO;NO;SI;NO;NO;NO;NO;NO;NO
16/07/1977;41;WILLIS TOWERS WATSON COLOMBIA CORREDORES DE SEGUROS SA;SI;NO;NO;NO;NO;SI;NO;NO;NO;NO;NO;NO
1/04/1968;50;WILLIS TOWERS WATSON COLOMBIA CORREDORES DE SEGUROS SA;NO;NO;NO;NO;NO;SI;NO;NO;NO;NO;NO;NO
21/01/2020;-1;FLOREZ RINCON  ADOLFO LEON;NO;NO;NO;NO;NO;NO;NO;NO;NO;NO;SI;NO
3/02/1971;47;SEGUROS GENERALES SURAMERICANA S.A.;NO;SI;NO;NO;NO;NO;NO;SI;NO;NO;NO;NO
21/01/2020;-1;SEGUROS GENERALES SURAMERICANA S.A.;NO;SI;NO;NO;NO;NO;NO;NO;NO;NO;NO;NO
29/04/1981;37;Sin Información;NO;NO;NO;NO;NO;NO;NO;SI;NO;NO;NO;NO
21/01/2020;-1;SERVICIOS FINANCIEROS S.A. SERFINANSA COMPAÑIA DE FINANCIAMIENTO;NO;NO;NO;NO;NO;SI;NO;NO;NO;NO;NO;NO
25/11/1975;43;SEGUROS GENERALES SURAMERICANA S.A.;NO;SI;NO;NO;NO;NO;NO;NO;NO;NO;NO;NO
2/11/1979;39;PAREDES MORILLO  JUAN CARLOS;NO;NO;NO;NO;NO;SI;NO;NO;NO;NO;NO;NO
26/09/1977;41;WILLIS TOWERS WATSON COLOMBIA CORREDORES DE SEGUROS SA;NO;NO;NO;NO;NO;SI;NO;NO;NO;NO;NO;NO
21/01/2020;-1;GARSOL LTDA;NO;NO;NO;NO;NO;NO;NO;NO;NO;NO;NO;NO
21/01/2020;-1;GERMAN PRIETO LEON Y CIAS LTDA ASESORES DE SEGUROS;NO;NO;NO;NO;NO;NO;NO;NO;NO;NO;SI;NO
16/09/1985;33;WILLIS TOWERS WATSON COLOMBIA CORREDORES DE SEGUROS SA;NO;NO;NO;NO;NO;NO;NO;NO;NO;NO;NO;NO
4/06/1957;61;SERVICIOS FINANCIEROS S.A. SERFINANSA COMPAÑIA DE FINANCIAMIENTO;NO;NO;NO;NO;NO;SI;NO;NO;NO;NO;NO;NO
1/05/1995;23;SEGUROS GENERALES SURAMERICANA S.A.;NO;NO;NO;NO;NO;NO;NO;NO;NO;NO;NO;NO
2/04/1972;46;SEGUROS GENERALES SURAMERICANA S.A.;NO;NO;SI;NO;NO;NO;NO;NO;NO;NO;NO;NO
13/06/1979;39;GONZALEZ CHAMORRO  MARTHA INES;NO;NO;SI;NO;NO;NO;NO;NO;NO;NO;NO;NO
3/11/1984;34;Sin Información;NO;NO;NO;NO;NO;NO;NO;SI;NO;NO;NO;NO
13/01/1990;29;Sin Información;NO;NO;SI;NO;NO;NO;SI;NO;NO;NO;NO;SI
6/01/1993;26;SEGUROS GENERALES SURAMERICANA S.A.;NO;NO;NO;NO;NO;SI;NO;SI;NO;NO;NO;NO
22/09/1965;53;Sin Información;NO;NO;NO;NO;NO;NO;NO;SI;NO;NO;NO;NO
12/08/1990;28;ARRIETA CASTRO  JAIME MANUEL;NO;NO;NO;NO;NO;NO;NO;NO;NO;NO;NO;NO
24/08/1976;42;SEGUROS GENERALES SURAMERICANA S.A.;NO;NO;SI;NO;NO;NO;NO;NO;NO;NO;NO;NO
16/02/1974;44;SEGUROS GENERALES SURAMERICANA S.A.;NO;SI;NO;NO;NO;NO;NO;NO;NO;NO;NO;NO
24/09/1969;49;AGEVISA LTDA ASESORES DE SEGUROS;NO;NO;NO;NO;NO;SI;NO;NO;NO;NO;NO;NO
16/08/1986;32;SEGUROS GENERALES SURAMERICANA S.A.;NO;NO;SI;NO;NO;NO;NO;NO;NO;NO;NO;NO
2/03/1982;36;SEGUROS GENERALES SURAMERICANA S.A.;NO;NO;NO;NO;NO;SI;NO;SI;NO;NO;NO;NO
20/08/1992;26;EDERY ROCA  VIVIANNE;NO;NO;NO;NO;NO;SI;NO;SI;NO;NO;NO;NO
19/11/1979;39;WILLIS TOWERS WATSON COLOMBIA CORREDORES DE SEGUROS SA;NO;NO;NO;NO;NO;SI;NO;NO;NO;NO;NO;NO
15/12/1989;29;WILLIS TOWERS WATSON COLOMBIA CORREDORES DE SEGUROS SA;NO;NO;NO;NO;NO;SI;NO;NO;NO;NO;NO;NO
27/10/1985;33;AGENCIA DE SEGU CM2 LTDA;SI;NO;NO;NO;NO;SI;NO;NO;NO;NO;NO;NO
21/01/2020;-1;COMERCIAL COLOMBIANA LTDA AGENCIA DE SEGUROS;NO;NO;NO;NO;NO;NO;NO;NO;NO;NO;SI;NO
2/06/1972;46;SEGUROS GENERALES SURAMERICANA S.A.;NO;NO;NO;NO;NO;SI;NO;SI;NO;NO;NO;NO
18/07/1969;49;Sin Información;NO;NO;NO;NO;NO;NO;NO;SI;NO;NO;NO;NO
21/01/2020;-1;COMERCIAL COLOMBIANA LTDA AGENCIA DE SEGUROS;NO;NO;NO;NO;NO;NO;NO;NO;NO;NO;SI;NO
21/01/2020;-1;ACUÑA VARGAS  GIOVANNI ERNESTO;NO;NO;NO;NO;NO;NO;NO;NO;NO;NO;SI;NO
23/02/1960;58;LOGREIRA .  EDITH CONSTANZA;NO;NO;NO;NO;NO;SI;NO;SI;NO;NO;NO;NO
30/04/1968;50;LOGREIRA .  EDITH CONSTANZA;NO;NO;NO;NO;NO;SI;NO;NO;NO;NO;NO;NO
21/01/2020;-1;HACOL AGENCIA DE SEGUROS LTDA;NO;SI;NO;NO;NO;NO;NO;NO;NO;NO;NO;NO
26/12/2008;10;CORREA PARRA  RICARDO ALBERTO;NO;NO;NO;NO;NO;NO;SI;NO;NO;NO;NO;NO
21/01/2020;-1;MORENO GALINDO  RODRIGO;NO;NO;NO;NO;NO;NO;NO;NO;NO;NO;SI;NO
13/07/1964;54;Sin Información;NO;NO;NO;NO;NO;NO;NO;SI;NO;NO;NO;NO
22/12/1981;37;RAVE AGENCIA DE SEGUROS LTDA;NO;NO;NO;NO;NO;SI;NO;SI;NO;NO;NO;NO
21/01/2020;-1;DELIMA MARSH S.A. LOS CORREDORES DE SEGUROS;NO;NO;NO;NO;NO;NO;NO;NO;NO;NO;SI;NO
6/04/1988;30;AON RISK SERVICES COLOMBIA S.A.;NO;NO;NO;NO;NO;SI;NO;NO;NO;NO;NO;NO
21/01/2020;-1;SEGUROS GENERALES SURAMERICANA S.A.;NO;SI;NO;NO;NO;NO;NO;NO;NO;NO;NO;NO
29/09/1977;41;SEGUROS GENERALES SURAMERICANA S.A.;NO;SI;NO;NO;NO;NO;NO;NO;NO;NO;NO;NO
4/08/1977;41;WILLIS TOWERS WATSON COLOMBIA CORREDORES DE SEGUROS SA;NO;NO;NO;NO;NO;SI;NO;NO;NO;NO;NO;NO
27/08/1981;37;Sin Información;NO;NO;SI;NO;NO;NO;NO;NO;NO;NO;NO;NO
22/12/1986;32;SEGUROS GENERALES SURAMERICANA S.A.;NO;NO;SI;NO;NO;NO;NO;NO;NO;NO;NO;NO
22/01/1983;35;SEGUROS GENERALES SURAMERICANA S.A.;NO;NO;NO;NO;NO;NO;SI;SI;NO;NO;NO;NO
14/07/2005;13;GRUPO COOGRANADA ASESORESEN SEGUROS LTDA;NO;NO;NO;NO;NO;NO;NO;NO;NO;NO;NO;NO
21/01/2020;-1;WILLIS TOWERS WATSON COLOMBIA CORREDORES DE SEGUROS SA;NO;NO;NO;NO;NO;SI;NO;NO;NO;NO;NO;NO
18/12/1991;27;WILLIS TOWERS WATSON COLOMBIA CORREDORES DE SEGUROS SA;NO;NO;NO;NO;NO;SI;NO;NO;NO;NO;NO;NO
27/05/1982;36;COLOMBIANA DE COMERCIO S A;NO;SI;NO;NO;NO;NO;NO;NO;NO;NO;NO;NO
9/03/1987;31;SEGUROS GENERALES SURAMERICANA S.A.;NO;NO;NO;NO;NO;NO;NO;NO;NO;NO;NO;NO
17/10/1987;31;PIZANO ECHEVERRI Y ASOCIADOS;SI;NO;NO;NO;NO;NO;NO;NO;NO;NO;NO;NO
20/10/1992;26;GESTION NACIONAL DE SEGUROS LIMITADA QUE PARA TODO;SI;NO;NO;NO;NO;NO;NO;NO;NO;NO;NO;NO
21/01/2020;-1;DUQUE ZAPATA  CARLOS ALBERTO;NO;NO;NO;NO;NO;NO;NO;NO;NO;NO;SI;NO
30/01/1938;80;SERVICIOS FINANCIEROS S.A. SERFINANSA COMPAÑIA DE FINANCIAMIENTO;NO;NO;NO;NO;NO;SI;NO;NO;NO;NO;NO;NO
3/10/1988;30;SEGUROS GENERALES SURAMERICANA S.A.;NO;NO;SI;NO;NO;NO;NO;NO;NO;NO;NO;NO
27/08/1971;47;WILLIS TOWERS WATSON COLOMBIA CORREDORES DE SEGUROS SA;NO;NO;NO;NO;NO;SI;NO;NO;NO;NO;NO;NO
23/08/2000;18;SEGUROS GENERALES SURAMERICANA S.A.;NO;NO;SI;NO;NO;NO;NO;NO;NO;NO;NO;NO
4/05/1979;39;COSECHAMOS EXPERIENCIA LTD;NO;NO;NO;NO;NO;SI;NO;NO;NO;NO;NO;NO
12/03/1952;66;SERVICIOS FINANCIEROS S.A. SERFINANSA COMPAÑIA DE FINANCIAMIENTO;NO;NO;NO;NO;NO;SI;NO;NO;NO;NO;NO;NO
21/01/2020;-1;SEGUROS GENERALES SURAMERICANA S.A.;NO;NO;NO;NO;NO;SI;NO;NO;NO;NO;NO;NO
19/05/1992;26;WILLIS TOWERS WATSON COLOMBIA CORREDORES DE SEGUROS SA;NO;NO;NO;NO;NO;SI;NO;NO;NO;NO;NO;NO
27/04/1965;53;JOAO JACOBS VASQUEZ MONTEMAYOR;NO;NO;SI;NO;NO;NO;NO;NO;NO;NO;NO;NO
30/12/1985;33;2VR ASESORES DE SEGUROS Y CIA.;NO;NO;NO;SI;NO;NO;NO;NO;NO;NO;NO;NO
2/04/1966;52;SOLORZANO SEGUROS Y CIA LTDA;NO;NO;NO;NO;NO;SI;NO;SI;NO;NO;NO;NO
11/11/1944;74;BANCO FALABELLA S A;NO;NO;NO;NO;NO;SI;NO;NO;NO;NO;NO;NO
11/10/1995;23;WILLIS TOWERS WATSON COLOMBIA CORREDORES DE SEGUROS SA;NO;NO;NO;NO;NO;SI;NO;SI;NO;NO;NO;NO
10/01/1994;25;SEGUROS GENERALES SURAMERICANA S.A.;NO;NO;NO;NO;NO;NO;NO;NO;NO;NO;NO;NO
7/07/1975;43;SEGUROS GENERALES SURAMERICANA S.A.;NO;NO;SI;NO;NO;NO;NO;NO;NO;NO;NO;NO
26/10/1979;39;SERVICIOS FINANCIEROS S.A. SERFINANSA COMPAÑIA DE FINANCIAMIENTO;NO;NO;NO;NO;NO;SI;NO;NO;NO;NO;NO;NO
24/05/1977;41;WILLIS TOWERS WATSON COLOMBIA CORREDORES DE SEGUROS SA;NO;NO;NO;NO;NO;SI;NO;NO;NO;NO;NO;NO
26/03/1966;52;MUNERA SALDARRIAGA ASESORES DE SEGUROS Y CIA LTDA MUSA LTDA;NO;SI;NO;SI;NO;NO;NO;NO;NO;NO;NO;NO
24/11/1977;41;VILLADA AMAYA  LYNDA VANESA;NO;NO;NO;NO;NO;SI;NO;SI;NO;NO;NO;NO
19/06/1971;47;WILLIS TOWERS WATSON COLOMBIA CORREDORES DE SEGUROS SA;NO;NO;NO;NO;NO;SI;NO;NO;NO;NO;NO;NO
27/06/1970;48;WILLIS TOWERS WATSON COLOMBIA CORREDORES DE SEGUROS SA;NO;NO;NO;NO;NO;SI;NO;NO;NO;NO;NO;NO
7/06/1983;35;SERENTIA SEGUROS LIMITADA AGENCIA DE SEGUROS;NO;NO;NO;NO;NO;SI;NO;NO;NO;NO;NO;NO
4/11/1974;44;GUILLEN CORREA  ERICK;NO;NO;SI;SI;NO;NO;NO;NO;NO;NO;NO;NO
21/01/2020;-1;GARCIA MAZA  ALFONSO LUIS;NO;NO;NO;NO;NO;NO;NO;NO;NO;NO;SI;NO
21/01/2020;-1;COMERCIAL COLOMBIANA LTDA AGENCIA DE SEGUROS;NO;NO;NO;NO;NO;NO;NO;NO;NO;NO;SI;NO
24/02/1966;52;WILLIS TOWERS WATSON COLOMBIA CORREDORES DE SEGUROS SA;NO;NO;NO;NO;NO;SI;NO;NO;NO;NO;NO;NO
21/01/2020;-1;SEGUROS GENERALES SURAMERICANA S.A.;NO;SI;NO;NO;NO;NO;NO;NO;NO;NO;NO;NO
4/02/1956;62;SEGUROS GENERALES SURAMERICANA S.A.;NO;NO;NO;NO;NO;SI;NO;NO;NO;NO;NO;NO
1/03/1960;58;WILLIS TOWERS WATSON COLOMBIA CORREDORES DE SEGUROS SA;NO;NO;NO;NO;NO;SI;NO;NO;NO;NO;NO;NO
15/03/1963;55;Sin Información;NO;NO;NO;NO;NO;NO;NO;NO;NO;NO;NO;NO
21/01/2020;-1;MALIVER FERNANDEZ, JUAN RAMON;NO;NO;NO;NO;NO;NO;NO;NO;NO;SI;NO;NO
7/04/1993;25;WILLIS TOWERS WATSON COLOMBIA CORREDORES DE SEGUROS SA;NO;NO;NO;NO;NO;SI;NO;NO;NO;NO;NO;NO
5/06/1954;64;SEGUROS GENERALES SURAMERICANA S.A.;NO;SI;NO;NO;NO;NO;NO;NO;NO;NO;NO;NO
21/01/2020;-1;SEGUROS GENERALES SURAMERICANA S.A.;NO;NO;NO;NO;NO;SI;NO;NO;NO;NO;NO;NO
19/07/1986;32;MORALES MONCADA  MARIA EUGENIA;NO;NO;SI;NO;NO;NO;NO;NO;NO;NO;NO;NO
10/10/1970;48;DELIMA MARSH S.A. LOS CORREDORES DE SEGUROS;SI;NO;NO;NO;NO;NO;NO;NO;NO;NO;NO;NO
28/09/1993;25;WILLIS TOWERS WATSON COLOMBIA CORREDORES DE SEGUROS SA;NO;NO;NO;NO;NO;SI;NO;NO;NO;NO;NO;NO
1/03/1978;40;Sin Información;NO;NO;NO;NO;NO;NO;NO;SI;NO;NO;NO;NO
18/11/1955;63;A & M SEGUROS;NO;NO;NO;SI;NO;NO;NO;NO;NO;NO;NO;NO
21/01/2020;-1;DELIMA MARSH S.A. LOS CORREDORES DE SEGUROS;NO;NO;NO;NO;NO;NO;NO;NO;NO;NO;SI;NO
6/10/1979;39;TRIANA ORTIZ  YULY ANDREA;NO;NO;NO;NO;NO;SI;NO;SI;NO;NO;NO;NO
15/01/1993;26;PINTO BURBANO  MARIA DE LOS ANGELES;NO;NO;NO;NO;NO;SI;NO;NO;NO;NO;NO;NO
23/04/1966;52;CASTRILLON RUEDA  DINORA;NO;NO;NO;NO;NO;NO;NO;NO;NO;NO;NO;NO
4/01/1966;53;LAVERDE MEJIA  JUAN CARLOS;NO;NO;NO;NO;NO;NO;NO;NO;NO;NO;NO;NO
21/01/2020;-1;SEGUROS GENERALES SURAMERICANA S.A.;NO;SI;NO;NO;NO;NO;NO;NO;NO;NO;NO;NO
24/10/1988;30;SERVICIOS FINANCIEROS S.A. SERFINANSA COMPAÑIA DE FINANCIAMIENTO;NO;NO;NO;NO;NO;SI;NO;NO;NO;NO;NO;NO
22/08/1979;39;WILLIS TOWERS WATSON COLOMBIA CORREDORES DE SEGUROS SA;SI;NO;NO;NO;NO;NO;NO;NO;NO;NO;NO;NO
21/01/2020;-1;ITAU CORREDOR DE SEGUROS COLOMBIA S.A;NO;NO;NO;NO;NO;NO;NO;NO;NO;NO;SI;NO
30/09/1958;60;WILLIS TOWERS WATSON COLOMBIA CORREDORES DE SEGUROS SA;NO;NO;NO;NO;NO;SI;NO;NO;NO;NO;NO;NO
10/08/1978;40;SEGUROS GENERALES SURAMERICANA S.A.;NO;NO;NO;NO;NO;SI;NO;NO;NO;NO;NO;NO
14/02/1956;62;JARDINE LLOYD THOMPSON VALENCIA & IRAGORRI CORREDORES DE SEGUROS S.A.;SI;NO;NO;NO;NO;NO;NO;NO;NO;NO;NO;NO
13/06/1989;29;SERVICIOS FINANCIEROS S.A. SERFINANSA COMPAÑIA DE FINANCIAMIENTO;NO;NO;NO;NO;NO;SI;NO;NO;NO;NO;NO;NO
26/11/1982;36;WILLIS TOWERS WATSON COLOMBIA CORREDORES DE SEGUROS SA;SI;NO;NO;NO;NO;NO;NO;NO;NO;NO;NO;NO
6/11/1985;33;WILLIS TOWERS WATSON COLOMBIA CORREDORES DE SEGUROS SA;NO;NO;NO;NO;NO;NO;NO;NO;NO;NO;NO;NO
15/03/1966;52;ALARCON CARDENAS  GUILLERMO LEON;NO;NO;SI;SI;NO;NO;NO;NO;NO;NO;NO;NO
7/05/1984;34;WILLIS TOWERS WATSON COLOMBIA CORREDORES DE SEGUROS SA;SI;NO;NO;NO;NO;NO;NO;NO;NO;NO;NO;NO
4/07/1957;61;AON RISK SERVICES COLOMBIA S.A.;NO;NO;NO;NO;NO;SI;NO;NO;NO;NO;NO;NO
10/11/1977;41;WILLIS TOWERS WATSON COLOMBIA CORREDORES DE SEGUROS SA;NO;NO;NO;NO;NO;SI;NO;SI;NO;NO;NO;NO
5/11/1990;28;SEGUROS GENERALES SURAMERICANA S.A.;NO;SI;SI;NO;NO;NO;NO;NO;NO;NO;NO;NO
16/07/1993;25;Sin Información;NO;SI;NO;NO;NO;NO;NO;NO;NO;NO;NO;NO
5/04/1960;58;CATALAN TUNJANO  MARIA LUCIA;NO;NO;NO;NO;NO;SI;NO;NO;NO;NO;NO;NO
28/08/1982;36;SEGUROS GENERALES SURAMERICANA S.A.;NO;SI;NO;NO;NO;NO;NO;NO;NO;NO;NO;NO
23/03/1954;64;AON RISK SERVICES COLOMBIA S.A.;NO;NO;NO;NO;NO;SI;NO;NO;NO;NO;NO;NO
11/03/1966;52;SEGUROS GENERALES SURAMERICANA S.A.;NO;NO;SI;NO;NO;NO;NO;NO;NO;NO;NO;NO
5/04/1958;60;SARMIENTO POLO  NELLY JULIANA;NO;NO;SI;NO;NO;NO;NO;NO;NO;NO;NO;NO
5/12/1982;36;SEGUROS GENERALES SURAMERICANA S.A.;NO;NO;NO;NO;NO;SI;NO;NO;NO;NO;NO;NO
21/01/2020;-1;SEGUROS GENERALES SURAMERICANA S.A.;NO;NO;NO;NO;NO;NO;NO;NO;NO;NO;SI;NO
18/01/1991;28;AON RISK SERVICES COLOMBIA S.A.;NO;NO;NO;NO;NO;SI;NO;NO;NO;NO;NO;NO
12/01/1983;36;RICO PINTO  MARIA TERESA;NO;NO;NO;NO;NO;SI;NO;NO;NO;NO;NO;NO
18/05/1991;27;GRANDES NUMEROS LTDA AGENCIA DE SEGUROS;NO;SI;NO;NO;NO;NO;NO;NO;NO;NO;NO;NO
13/04/1981;37;CLARITY PROFESIONALES EN SEGUROS LTDA;NO;NO;NO;NO;NO;SI;NO;NO;NO;NO;NO;NO
30/05/1953;65;SEGUROS GENERALES SURAMERICANA S.A.;NO;NO;SI;NO;NO;NO;NO;NO;NO;NO;NO;NO
13/11/1981;37;CERTAIN&ASOCI ASESORES LTDA;NO;NO;NO;NO;NO;SI;NO;SI;NO;NO;NO;NO
2/02/1945;73;K Y C SEGUROS LTDA;NO;NO;NO;NO;SI;NO;NO;NO;NO;NO;NO;NO
21/01/2020;-1;WILLIS TOWERS WATSON COLOMBIA CORREDORES DE SEGUROS SA;NO;NO;NO;NO;NO;SI;NO;NO;NO;NO;NO;NO
17/05/1990;28;RUIZ APONTE  BLANCA MARINA;NO;NO;NO;NO;NO;NO;NO;SI;NO;NO;NO;NO
31/07/1989;29;WILLIS TOWERS WATSON COLOMBIA CORREDORES DE SEGUROS SA;NO;NO;NO;NO;NO;SI;NO;NO;NO;NO;NO;NO
17/12/1977;41;SEGUROS GENERALES SURAMERICANA S.A.;NO;NO;SI;NO;NO;SI;NO;SI;NO;NO;NO;SI
28/08/1967;51;AON RISK SERVICES COLOMBIA S.A.;SI;NO;NO;NO;NO;NO;NO;NO;NO;NO;NO;NO
21/01/2020;-1;LOPEZ YEPES  LUZ MARINA;NO;SI;NO;NO;NO;NO;NO;NO;NO;NO;NO;NO
21/07/1976;42;WILLIS TOWERS WATSON COLOMBIA CORREDORES DE SEGUROS SA;NO;NO;NO;NO;NO;SI;NO;NO;NO;NO;NO;NO
15/03/1956;62;SEGUROS GENERALES SURAMERICANA S.A.;NO;NO;NO;NO;NO;NO;NO;NO;NO;NO;NO;NO
15/05/1965;53;SEGUROS GENERALES SURAMERICANA S.A.;NO;NO;SI;NO;NO;NO;NO;NO;NO;NO;NO;NO
25/11/1987;31;SEGUROS GENERALES SURAMERICANA S.A.;NO;NO;SI;NO;NO;NO;NO;NO;NO;NO;NO;NO
2/06/1952;66;AON RISK SERVICES COLOMBIA S.A.;NO;NO;NO;NO;NO;SI;NO;NO;NO;NO;NO;NO
19/11/1973;45;WILLIS TOWERS WATSON COLOMBIA CORREDORES DE SEGUROS SA;NO;NO;NO;NO;NO;SI;NO;NO;NO;NO;NO;NO
16/07/1993;25;Sin Información;NO;NO;SI;SI;NO;NO;SI;NO;NO;NO;NO;SI
20/10/1975;43;EDERY ROCA  VIVIANNE;NO;NO;NO;NO;NO;SI;NO;SI;NO;NO;NO;NO
11/09/1961;57;WILLIS TOWERS WATSON COLOMBIA CORREDORES DE SEGUROS SA;NO;NO;NO;NO;NO;SI;NO;NO;NO;NO;NO;NO
3/08/1946;72;SERVICIOS FINANCIEROS S.A. SERFINANSA COMPAÑIA DE FINANCIAMIENTO;NO;NO;NO;NO;NO;SI;NO;NO;NO;NO;NO;NO
7/05/1989;29;MBA Y CIA. AGENCIA DE SEGU;NO;NO;NO;NO;NO;SI;NO;NO;NO;NO;NO;NO
1/12/1978;40;SEGUROS GENERALES SURAMERICANA S.A.;NO;NO;SI;NO;NO;NO;NO;NO;NO;NO;NO;NO
4/05/1962;56;PAREDES MORILLO  JUAN CARLOS;NO;NO;NO;NO;NO;SI;NO;NO;NO;NO;NO;NO
28/04/1958;60;DELIMA MARSH S.A. LOS CORREDORES DE SEGUROS;NO;NO;NO;NO;NO;SI;NO;SI;NO;NO;NO;NO
23/07/1984;34;WILLIS TOWERS WATSON COLOMBIA CORREDORES DE SEGUROS SA;NO;NO;NO;NO;NO;SI;NO;NO;NO;NO;NO;NO
20/12/1962;56;JARDINE LLOYD THOMPSON VALENCIA & IRAGORRI CORREDORES DE SEGUROS S.A.;NO;NO;NO;NO;NO;SI;NO;SI;NO;NO;NO;NO
24/07/1960;58;SERVICIOS FINANCIEROS S.A. SERFINANSA COMPAÑIA DE FINANCIAMIENTO;NO;NO;NO;NO;NO;SI;NO;NO;NO;NO;NO;NO
28/09/1982;36;SERVICIOS FINANCIEROS S.A. SERFINANSA COMPAÑIA DE FINANCIAMIENTO;NO;NO;NO;NO;NO;SI;NO;NO;NO;NO;NO;NO
28/02/1998;20;AON RISK SERVICES COLOMBIA S.A.;NO;NO;NO;NO;NO;SI;NO;NO;NO;NO;NO;NO
12/05/1978;40;SERVICIOS FINANCIEROS S.A. SERFINANSA COMPAÑIA DE FINANCIAMIENTO;NO;NO;NO;NO;NO;SI;NO;NO;NO;NO;NO;NO
17/04/1947;71;MERX SEGUROS;NO;NO;NO;NO;NO;SI;NO;NO;NO;NO;NO;NO
6/02/1968;50;WILLIS TOWERS WATSON COLOMBIA CORREDORES DE SEGUROS SA;NO;NO;NO;NO;NO;SI;NO;NO;NO;NO;NO;NO
6/02/1991;27;AGENCIA PROFESIONAL DE SEGUROS MILENIO;NO;NO;NO;NO;NO;SI;NO;SI;NO;NO;NO;NO
19/06/1989;29;DELIMA MARSH S.A. LOS CORREDORES DE SEGUROS;NO;NO;NO;NO;NO;SI;NO;NO;NO;NO;NO;NO
12/08/1941;77;WILLIS TOWERS WATSON COLOMBIA CORREDORES DE SEGUROS SA;NO;NO;NO;NO;NO;SI;NO;NO;NO;NO;NO;NO
17/06/1974;44;SERVICIOS FINANCIEROS S.A. SERFINANSA COMPAÑIA DE FINANCIAMIENTO;NO;NO;NO;NO;NO;SI;NO;NO;NO;NO;NO;NO
21/01/2020;-1;BANCO FALABELLA S A;NO;NO;NO;NO;NO;SI;NO;NO;NO;NO;NO;NO
24/04/1979;39;WILLIS TOWERS WATSON COLOMBIA CORREDORES DE SEGUROS SA;NO;NO;NO;NO;NO;SI;NO;NO;NO;NO;NO;NO
27/05/1963;55;DELIMA MARSH S.A. LOS CORREDORES DE SEGUROS;NO;NO;NO;SI;NO;NO;NO;NO;NO;NO;NO;NO
13/12/1990;28;WILLIS TOWERS WATSON COLOMBIA CORREDORES DE SEGUROS SA;NO;NO;NO;NO;NO;SI;NO;NO;NO;NO;NO;NO
21/01/2020;-1;TORRES CARVAJAL, MADELIN SONELLY;SI;NO;NO;NO;NO;NO;NO;NO;NO;NO;NO;NO
20/09/1981;37;SEGUROS GENERALES SURAMERICANA S.A.;NO;SI;NO;NO;NO;NO;NO;NO;NO;NO;NO;NO
24/01/1949;69;Sin Información;NO;NO;NO;NO;NO;NO;NO;SI;NO;NO;NO;NO
28/09/2001;17;A & M SEGUROS;NO;NO;NO;SI;NO;NO;NO;NO;NO;NO;NO;NO
17/11/1988;30;SEGUROS GENERALES SURAMERICANA S.A.;NO;NO;SI;NO;NO;NO;NO;NO;NO;NO;NO;NO
17/03/1988;30;WILLIS TOWERS WATSON COLOMBIA CORREDORES DE SEGUROS SA;NO;NO;NO;NO;NO;SI;NO;NO;NO;NO;NO;NO
21/02/1988;30;WILLIS TOWERS WATSON COLOMBIA CORREDORES DE SEGUROS SA;NO;NO;NO;NO;NO;SI;NO;NO;NO;NO;NO;NO
5/05/1953;65;SEGUROS GENERALES SURAMERICANA S.A.;NO;NO;NO;NO;SI;NO;NO;NO;NO;NO;NO;NO
5/10/1974;44;CARRERO RAMIREZ  MARTIN EMILIO;NO;NO;NO;NO;NO;SI;NO;NO;NO;NO;NO;NO
7/06/1968;50;SEGUROS GENERALES SURAMERICANA S.A.;NO;NO;NO;NO;NO;NO;NO;NO;NO;NO;NO;NO
1/04/1974;44;SEGUROS GENERALES SURAMERICANA S.A.;NO;NO;SI;NO;NO;NO;NO;NO;NO;NO;NO;NO
7/12/1972;46;WILLIS TOWERS WATSON COLOMBIA CORREDORES DE SEGUROS SA;SI;NO;NO;NO;NO;NO;NO;NO;NO;NO;NO;NO
21/01/2020;-1;AON RISK SERVICES COLOMBIA S.A.;NO;NO;NO;NO;NO;SI;NO;NO;NO;NO;NO;NO
7/12/1988;30;SEGUROS GENERALES SURAMERICANA S.A.;NO;NO;NO;NO;NO;SI;NO;NO;NO;NO;NO;NO
21/01/2020;-1;COMERCIAL COLOMBIANA LTDA AGENCIA DE SEGUROS;NO;NO;NO;NO;NO;NO;NO;NO;NO;NO;SI;NO
25/07/1983;35;WILLIS TOWERS WATSON COLOMBIA CORREDORES DE SEGUROS SA;NO;NO;NO;NO;NO;SI;NO;NO;NO;NO;NO;NO
30/08/1941;77;RAMIREZ VANEGAS  MONICA ALEJANDRA;NO;NO;NO;SI;NO;NO;NO;NO;NO;NO;NO;NO
6/01/1979;40;SEGUROS GENERALES SURAMERICANA S.A.;NO;NO;SI;NO;NO;NO;NO;NO;NO;NO;NO;NO
8/09/1940;78;WILLIS TOWERS WATSON COLOMBIA CORREDORES DE SEGUROS SA;NO;NO;NO;NO;NO;SI;NO;NO;NO;NO;NO;NO
23/01/1984;34;SERVICIOS FINANCIEROS S.A. SERFINANSA COMPAÑIA DE FINANCIAMIENTO;NO;NO;NO;NO;NO;SI;NO;NO;NO;NO;NO;NO
21/01/2020;-1;COMERCIAL COLOMBIANA LTDA AGENCIA DE SEGUROS;NO;NO;NO;NO;NO;NO;NO;NO;NO;NO;NO;NO
10/02/1994;24;Sin Información;NO;NO;NO;NO;NO;NO;NO;NO;NO;NO;NO;NO
2/07/1951;67;WILLIS TOWERS WATSON COLOMBIA CORREDORES DE SEGUROS SA;NO;NO;NO;NO;NO;SI;NO;NO;NO;NO;NO;NO
14/08/1955;63;SEGUROS GENERALES SURAMERICANA S.A.;NO;NO;SI;NO;NO;NO;NO;NO;NO;NO;NO;NO
16/05/1978;40;MARIO AVALO LOPEZ ASESORES EN SEGUROS Y CIA LTDA;NO;NO;NO;NO;NO;SI;NO;SI;NO;NO;NO;NO
14/08/1992;26;SEGUROS GENERALES SURAMERICANA S.A.;NO;SI;NO;NO;NO;NO;NO;NO;NO;NO;NO;NO
21/01/2020;-1;COMERCIAL COLOMBIANA LTDA AGENCIA DE SEGUROS;NO;NO;NO;NO;NO;NO;NO;NO;NO;NO;SI;NO
21/01/2020;-1;SEGUROS GENERALES SURAMERICANA S.A.;NO;NO;NO;NO;NO;NO;NO;NO;NO;NO;NO;NO
11/11/1957;61;SERVICIOS FINANCIEROS S.A. SERFINANSA COMPAÑIA DE FINANCIAMIENTO;NO;NO;NO;NO;NO;SI;NO;NO;NO;NO;NO;NO
6/12/1957;61;WILLIS TOWERS WATSON COLOMBIA CORREDORES DE SEGUROS SA;NO;NO;NO;NO;NO;SI;NO;NO;NO;NO;NO;NO
13/03/1982;36;BICKENBACH VIEITES S.A.CORREDORES DE SEGUROS;NO;NO;NO;NO;NO;SI;NO;NO;NO;NO;NO;NO
18/04/1987;31;BETANCOURT MESA  JUAN CAMILO;NO;NO;NO;SI;NO;NO;NO;NO;NO;NO;NO;NO
7/05/1991;27;SEGUROS GENERALES SURAMERICANA S.A.;NO;SI;NO;NO;NO;NO;NO;NO;NO;NO;NO;NO
29/12/1992;26;SEGUROS GENERALES SURAMERICANA S.A.;NO;NO;SI;NO;NO;NO;NO;NO;NO;NO;NO;NO
6/06/1992;26;SERVICIOS FINANCIEROS S.A. SERFINANSA COMPAÑIA DE FINANCIAMIENTO;NO;NO;NO;NO;NO;SI;NO;NO;NO;NO;NO;NO
28/06/1978;40;BANCO FALABELLA S A;NO;NO;NO;NO;NO;SI;NO;NO;NO;NO;NO;NO
19/03/1962;56;AON RISK SERVICES COLOMBIA S.A.;NO;NO;NO;NO;NO;SI;NO;NO;NO;NO;NO;NO
3/12/1974;44;SEGUROS GENERALES SURAMERICANA S.A.;NO;SI;NO;NO;NO;NO;NO;NO;NO;NO;NO;NO
4/08/1982;36;WILLIS TOWERS WATSON COLOMBIA CORREDORES DE SEGUROS SA;NO;NO;NO;NO;NO;SI;NO;NO;NO;NO;NO;NO
21/01/1980;39;SEGUROS GENERALES SURAMERICANA S.A.;NO;SI;NO;NO;NO;NO;NO;NO;NO;NO;NO;NO
6/04/2000;18;MARTINEZ RODRIGUEZ  KATHERINE;NO;NO;NO;SI;NO;NO;NO;NO;NO;NO;NO;NO
25/11/1964;54;SEGUROS GENERALES SURAMERICANA S.A.;NO;NO;NO;NO;NO;NO;NO;NO;NO;NO;NO;NO
4/03/1973;45;WILLIS TOWERS WATSON COLOMBIA CORREDORES DE SEGUROS SA;NO;NO;NO;NO;NO;SI;NO;NO;NO;NO;NO;NO
9/12/1972;46;AON RISK SERVICES COLOMBIA S.A.;NO;NO;NO;NO;NO;SI;NO;NO;NO;NO;NO;NO
2/01/1980;39;PUENTES CUELLAR Y CIA LTDA - ASESORES DE SEGUROS;NO;SI;NO;NO;NO;NO;NO;NO;NO;NO;NO;NO
21/01/2020;-1;JARAMILLO AGUILAR  VICTOR DE JESUS;NO;NO;NO;NO;NO;NO;NO;NO;NO;NO;NO;NO
5/10/1978;40;KLINGER CORDOBA  GENNY ROCIO;NO;NO;NO;NO;NO;SI;NO;NO;NO;NO;NO;NO
27/02/1982;36;SEGUROS GENERALES SURAMERICANA S.A.;NO;SI;NO;NO;NO;NO;NO;NO;NO;NO;NO;NO
31/10/2014;4;COSSIO DE PIZA  GLORIA AMELIA PATRICIA;NO;NO;NO;SI;NO;NO;NO;NO;NO;NO;NO;NO
11/01/1983;36;WILLIS TOWERS WATSON COLOMBIA CORREDORES DE SEGUROS SA;NO;NO;NO;NO;NO;SI;NO;SI;NO;NO;NO;NO
25/05/1980;38;SEGUROS GENERALES SURAMERICANA S.A.;NO;NO;NO;NO;NO;NO;NO;NO;NO;NO;NO;NO
19/01/1993;26;SEGUROS GENERALES SURAMERICANA S.A.;NO;SI;NO;NO;NO;NO;NO;NO;NO;NO;NO;NO
13/02/1977;41;CALLE TABORDA  JUAN CARLOS;NO;NO;NO;NO;NO;SI;NO;NO;NO;NO;NO;NO
30/06/1975;43;CYMA SEGUROS LTDA.;NO;SI;NO;NO;NO;NO;NO;NO;NO;NO;NO;NO
21/01/2020;-1;COMERCIAL COLOMBIANA LTDA AGENCIA DE SEGUROS;NO;NO;NO;NO;NO;NO;NO;NO;NO;NO;SI;NO
2/04/1979;39;AON RISK SERVICES COLOMBIA S.A.;NO;NO;NO;NO;NO;SI;NO;NO;NO;NO;NO;NO
6/08/1986;32;AGENCIA DE SEGUROS FALABELLA LTDA;SI;NO;NO;NO;NO;NO;NO;NO;NO;NO;NO;NO
21/01/2020;-1;AGENCIA SIERRA SEGUROS LTDA;SI;SI;NO;NO;SI;NO;NO;NO;NO;SI;NO;NO
24/08/1974;44;Sin Información;NO;NO;SI;NO;NO;NO;SI;NO;NO;NO;NO;SI
25/10/1990;28;AON RISK SERVICES COLOMBIA S.A.;NO;NO;NO;NO;NO;SI;NO;NO;NO;NO;NO;NO
31/01/1998;20;AON RISK SERVICES COLOMBIA S.A.;NO;NO;NO;NO;NO;SI;NO;NO;NO;NO;NO;NO
13/12/1977;41;SEGUROS GENERALES SURAMERICANA S.A.;NO;NO;SI;NO;NO;NO;NO;NO;NO;NO;NO;NO
23/05/1992;26;WILLIS TOWERS WATSON COLOMBIA CORREDORES DE SEGUROS SA;NO;NO;NO;NO;NO;SI;NO;NO;NO;NO;NO;NO
15/08/1979;39;WILLIS TOWERS WATSON COLOMBIA CORREDORES DE SEGUROS SA;NO;NO;NO;SI;NO;NO;NO;NO;NO;NO;NO;NO
21/01/2020;-1;BANCO FALABELLA S A;NO;NO;NO;NO;NO;SI;NO;NO;NO;NO;NO;NO
21/01/2020;-1;GESTION SEGURA LTDA;NO;NO;NO;NO;NO;NO;NO;NO;NO;SI;NO;NO
21/01/2020;-1;SEGUROS GENERALES SURAMERICANA S.A.;NO;NO;NO;NO;NO;NO;NO;NO;NO;NO;SI;NO
30/09/1977;41;SERVICIOS FINANCIEROS S.A. SERFINANSA COMPAÑIA DE FINANCIAMIENTO;NO;NO;NO;NO;NO;SI;NO;NO;NO;NO;NO;NO
6/06/1976;42;ANZOLA VILLAMIL  LUIS FERNANDO;NO;NO;NO;NO;NO;SI;NO;SI;NO;NO;NO;NO
21/01/2020;-1;COMERCIAL COLOMBIANA LTDA AGENCIA DE SEGUROS;NO;NO;NO;NO;NO;NO;NO;NO;NO;NO;SI;NO
9/03/1955;63;SERVICIOS FINANCIEROS S.A. SERFINANSA COMPAÑIA DE FINANCIAMIENTO;NO;NO;NO;NO;NO;SI;NO;NO;NO;NO;NO;NO
28/03/1957;61;SEGUROS GENERALES SURAMERICANA S.A.;NO;NO;SI;NO;NO;NO;NO;NO;NO;NO;NO;NO
26/05/1981;37;GONZALEZ PALACIO  DANIEL IVAN;NO;NO;NO;NO;NO;NO;NO;SI;NO;NO;NO;NO
1/09/1962;56;CON ALMA SEGUROS LTDA;SI;NO;NO;NO;NO;NO;NO;NO;NO;NO;NO;NO
27/08/1986;32;SEGUROS GENERALES SURAMERICANA S.A.;NO;NO;SI;NO;NO;NO;NO;NO;NO;NO;NO;NO
27/08/1986;32;SEGUROS GENERALES SURAMERICANA S.A.;NO;SI;NO;NO;NO;NO;NO;NO;NO;NO;NO;NO
3/10/1927;91;CONTACTO DIRECTO ASESORES EN SEGUROS LTDA;NO;NO;NO;NO;NO;SI;NO;NO;NO;NO;NO;NO
17/01/1996;23;SEGUROS GENERALES SURAMERICANA S.A.;NO;NO;NO;NO;NO;SI;NO;SI;NO;NO;NO;NO
4/10/1973;45;BURISEGUROS LTDA.;NO;NO;NO;NO;NO;SI;NO;NO;NO;NO;NO;NO
6/06/1955;63;MERX SEGUROS;NO;NO;NO;NO;NO;SI;NO;NO;NO;NO;NO;NO
19/12/1983;35;WILLIS TOWERS WATSON COLOMBIA CORREDORES DE SEGUROS SA;NO;NO;NO;NO;NO;SI;NO;NO;NO;NO;NO;NO
21/01/2020;-1;AON RISK SERVICES COLOMBIA S.A.;NO;NO;NO;NO;NO;SI;NO;NO;NO;NO;NO;NO
14/06/1974;44;WILLIS TOWERS WATSON COLOMBIA CORREDORES DE SEGUROS SA;NO;NO;NO;NO;NO;SI;NO;NO;NO;NO;NO;NO
21/01/2020;-1;WILLIS TOWERS WATSON COLOMBIA CORREDORES DE SEGUROS SA;NO;NO;NO;NO;NO;SI;NO;NO;NO;NO;NO;NO
10/11/1984;34;WILLIS TOWERS WATSON COLOMBIA CORREDORES DE SEGUROS SA;NO;NO;NO;NO;NO;SI;NO;NO;NO;NO;NO;NO
21/01/2020;-1;ITAU CORREDOR DE SEGUROS COLOMBIA S.A;NO;NO;NO;NO;NO;NO;NO;NO;NO;NO;SI;NO
10/08/1968;50;SEGUROS GENERALES SURAMERICANA S.A.;SI;NO;NO;NO;NO;NO;NO;NO;NO;NO;NO;NO
21/01/2020;-1;COMERCIAL COLOMBIANA LTDA AGENCIA DE SEGUROS;NO;NO;NO;NO;NO;NO;NO;NO;NO;NO;SI;NO
22/06/1978;40;SEGUROS GENERALES SURAMERICANA S.A.;NO;SI;NO;NO;NO;NO;NO;NO;NO;NO;NO;NO
21/01/2020;-1;INVERSIONES Y ASESORIAS PROTE;NO;NO;NO;NO;NO;NO;NO;NO;NO;NO;NO;NO
4/06/1965;53;WILLIS TOWERS WATSON COLOMBIA CORREDORES DE SEGUROS SA;NO;NO;NO;NO;NO;SI;NO;NO;NO;NO;NO;NO
15/07/1957;61;MUNERA OSORIO  MARIA CLARA;NO;NO;SI;NO;NO;NO;NO;NO;NO;NO;NO;NO
9/08/1990;28;SEGUROS DE VIDA SURAMERICANA S.A.;NO;NO;NO;NO;NO;NO;NO;SI;NO;NO;NO;SI
21/01/2020;-1;SEGUROS GENERALES SURAMERICANA S.A.;NO;SI;NO;NO;NO;NO;NO;NO;NO;NO;NO;NO
16/04/1985;33;HOYOS RUIZ  MILLER FREDDY;NO;NO;NO;SI;NO;NO;NO;NO;NO;NO;NO;NO
11/10/1994;24;SEGUROS GENERALES SURAMERICANA S.A.;NO;NO;NO;NO;NO;NO;NO;NO;NO;NO;NO;NO
31/05/1976;42;SEGUROS GENERALES SURAMERICANA S.A.;NO;SI;NO;NO;NO;NO;NO;NO;NO;NO;NO;NO
1/01/1990;29;CERON CHARRY  DIVA GISELA;NO;NO;NO;NO;NO;SI;NO;NO;NO;NO;NO;NO
8/01/1979;40;SERVICIOS FINANCIEROS S.A. SERFINANSA COMPAÑIA DE FINANCIAMIENTO;NO;NO;NO;NO;NO;SI;NO;NO;NO;NO;NO;NO
25/10/1983;35;AON RISK SERVICES COLOMBIA S.A.;NO;NO;NO;NO;NO;SI;NO;NO;NO;NO;NO;NO
10/11/2009;9;OSORNO AGUDELO  CARLOS ALFONSO;NO;NO;NO;NO;NO;SI;NO;NO;NO;NO;NO;NO
22/12/1967;51;WILLIS TOWERS WATSON COLOMBIA CORREDORES DE SEGUROS SA;NO;NO;NO;NO;NO;SI;NO;NO;NO;NO;NO;NO
20/05/1957;61;AON RISK SERVICES COLOMBIA S.A.;NO;NO;NO;NO;NO;SI;NO;NO;NO;NO;NO;NO
28/04/1970;48;WILLIS TOWERS WATSON COLOMBIA CORREDORES DE SEGUROS SA;NO;NO;NO;NO;NO;SI;NO;NO;NO;NO;NO;NO
30/12/1960;58;AON RISK SERVICES COLOMBIA S.A.;NO;NO;NO;NO;NO;SI;NO;NO;NO;NO;NO;NO
21/01/2020;-1;SEGUROS GENERALES SURAMERICANA S.A.;NO;NO;NO;NO;NO;SI;NO;SI;NO;NO;NO;NO
21/01/2020;-1;COMERCIAL COLOMBIANA LTDA AGENCIA DE SEGUROS;NO;NO;NO;NO;NO;NO;NO;NO;NO;NO;SI;NO
15/08/1992;26;AON RISK SERVICES COLOMBIA S.A.;NO;NO;NO;SI;NO;NO;NO;NO;NO;NO;NO;NO
1/01/1936;83;P M G ASESORES DE SEGUROS LTDA;SI;NO;NO;NO;NO;SI;NO;NO;NO;NO;NO;NO
15/06/1976;42;CEBALLOS VALENCIA  ALEXANDER;SI;NO;NO;NO;NO;NO;NO;NO;NO;NO;NO;NO
31/01/1983;35;DELIMA MARSH S.A. LOS CORREDORES DE SEGUROS;NO;NO;NO;NO;NO;SI;NO;NO;NO;NO;NO;NO
26/07/1987;31;WILLIS TOWERS WATSON COLOMBIA CORREDORES DE SEGUROS SA;NO;NO;NO;NO;NO;SI;NO;NO;NO;NO;NO;NO
13/03/1973;45;SERVICIOS FINANCIEROS S.A. SERFINANSA COMPAÑIA DE FINANCIAMIENTO;NO;NO;NO;NO;NO;SI;NO;NO;NO;NO;NO;NO
30/04/1973;45;WILLIS TOWERS WATSON COLOMBIA CORREDORES DE SEGUROS SA;NO;NO;NO;NO;NO;SI;NO;NO;NO;NO;NO;NO
6/08/1975;43;PIEDAD BOTERO Y CIA LIMITADA;NO;NO;NO;NO;NO;SI;NO;NO;NO;NO;NO;NO
13/09/1962;56;SASTRE CASTILLO  ZULMA;NO;SI;NO;NO;NO;NO;NO;NO;NO;NO;NO;NO
21/01/2020;-1;DELIMA MARSH S.A. LOS CORREDORES DE SEGUROS;NO;NO;NO;NO;NO;NO;NO;NO;NO;NO;SI;NO
9/12/1992;26;AON RISK SERVICES COLOMBIA S.A.;NO;NO;NO;NO;NO;SI;NO;SI;NO;NO;NO;NO
21/01/2020;-1;COMERCIAL COLOMBIANA LTDA AGENCIA DE SEGUROS;NO;NO;NO;NO;NO;NO;NO;NO;NO;NO;SI;NO
10/04/1988;30;BARCO GOMEZ  ALBA LUCERO;NO;NO;NO;NO;NO;SI;NO;SI;NO;NO;NO;NO
10/05/1980;38;AGR SEGUROS LTDA;NO;SI;NO;NO;NO;NO;NO;NO;NO;NO;NO;NO
9/01/1995;24;SERVICIOS FINANCIEROS S.A. SERFINANSA COMPAÑIA DE FINANCIAMIENTO;NO;NO;NO;NO;NO;SI;NO;NO;NO;NO;NO;NO
22/06/1962;56;WILLIS TOWERS WATSON COLOMBIA CORREDORES DE SEGUROS SA;NO;NO;NO;NO;NO;SI;NO;SI;NO;NO;NO;NO
11/04/1974;44;SEGUROS GENERALES SURAMERICANA S.A.;NO;NO;SI;NO;NO;NO;NO;NO;NO;NO;NO;NO
28/08/1987;31;ALVARADO CASTAÃ¿EDA, ALEX ARIEL;NO;NO;SI;NO;NO;NO;NO;NO;NO;NO;NO;NO
16/10/1963;55;BET EL INSURANCE LTDA;NO;SI;NO;NO;NO;NO;NO;NO;NO;NO;NO;NO
19/10/1966;52;SEGUROS GENERALES SURAMERICANA S.A.;NO;SI;NO;NO;NO;NO;NO;NO;NO;NO;NO;NO
30/05/1983;35;GRUPO COOGRANADA ASESORESEN SEGUROS LTDA;NO;NO;NO;NO;NO;SI;NO;NO;NO;NO;NO;NO
25/07/1974;44;OLAYA CAMPOS  MARTHA ALICIA;NO;NO;NO;NO;NO;NO;NO;NO;NO;NO;NO;NO
22/12/1978;40;WILLIS TOWERS WATSON COLOMBIA CORREDORES DE SEGUROS SA;NO;NO;NO;NO;NO;SI;NO;NO;NO;NO;NO;NO
15/09/1999;19;RODRIGUEZ LOPEZ  FREDY GEOVANNI;NO;NO;NO;NO;NO;NO;NO;NO;NO;NO;NO;NO
5/02/1965;53;Sin Información;NO;NO;NO;NO;NO;NO;NO;NO;NO;NO;NO;NO
16/03/1964;54;SERVICIOS FINANCIEROS S.A. SERFINANSA COMPAÑIA DE FINANCIAMIENTO;NO;NO;NO;NO;NO;SI;NO;NO;NO;NO;NO;NO
9/12/1978;40;SEGUROS GENERALES SURAMERICANA S.A.;NO;SI;NO;NO;NO;NO;NO;NO;NO;NO;NO;NO
9/07/1987;31;SEGUROS GENERALES SURAMERICANA S.A.;NO;SI;NO;NO;NO;NO;NO;NO;NO;NO;NO;NO
24/05/1991;27;Sin Información;NO;NO;NO;NO;NO;NO;NO;SI;NO;NO;NO;NO
11/08/1974;44;TIJARO ROJAS  JOHANNA YAMILE;NO;NO;NO;NO;NO;SI;NO;SI;NO;NO;NO;NO
11/08/1961;57;FRANCO YEPES  MARIA EUGENIA;NO;NO;NO;NO;NO;NO;NO;NO;NO;NO;NO;NO
20/10/2005;13;CAMERO SANABRIA  GLORIA INES;NO;NO;NO;NO;NO;NO;NO;NO;NO;NO;NO;NO
21/01/2020;-1;PEDROZA ROJAS  RICARDO ANDRES;NO;NO;NO;NO;NO;NO;NO;NO;NO;NO;SI;NO
4/08/1958;60;Sin Información;NO;NO;NO;NO;NO;NO;NO;SI;NO;NO;NO;NO
29/06/1974;44;PUBLISEGUROS, S. A.;NO;NO;NO;NO;NO;NO;NO;NO;NO;NO;NO;NO
23/07/1973;45;WILLIS TOWERS WATSON COLOMBIA CORREDORES DE SEGUROS SA;NO;NO;NO;NO;NO;SI;NO;NO;NO;NO;NO;NO
21/01/2020;-1;CONTACTO DIRECTO ASESORES EN SEGUROS LTDA;NO;NO;NO;NO;NO;SI;NO;NO;NO;NO;NO;NO
11/08/1990;28;DELIMA MARSH S.A. LOS CORREDORES DE SEGUROS;NO;NO;NO;NO;NO;SI;NO;NO;NO;NO;NO;NO
19/02/1973;45;SEGUROS GENERALES SURAMERICANA S.A.;NO;SI;SI;NO;NO;NO;NO;NO;NO;NO;NO;NO
16/11/1988;30;INVERSIONES Y SEGUROS GOMEZ TOMAZ, S.A.;NO;NO;NO;NO;NO;NO;NO;NO;NO;SI;NO;NO
21/01/2020;-1;COMERCIAL COLOMBIANA LTDA AGENCIA DE SEGUROS;NO;NO;NO;NO;NO;NO;NO;NO;NO;NO;SI;NO
19/01/1953;66;ROMERO GARIBELLO  IVONNE MARINA;SI;NO;NO;NO;NO;NO;NO;NO;NO;NO;NO;NO
1/07/1948;70;DELIMA MARSH S.A. LOS CORREDORES DE SEGUROS;NO;NO;NO;NO;NO;SI;NO;NO;NO;NO;NO;NO
4/01/1981;38;AMERICA DE SEGUROS LTDA;NO;NO;SI;SI;NO;NO;NO;NO;NO;NO;NO;NO
7/12/1987;31;SEGUROS GENERALES SURAMERICANA S.A.;NO;NO;SI;NO;NO;NO;NO;NO;NO;NO;NO;NO
22/01/1966;52;SEGUROS GENERALES SURAMERICANA S.A.;NO;NO;SI;NO;NO;NO;NO;NO;NO;NO;NO;NO
16/04/1982;36;JARDINE LLOYD THOMPSON VALENCIA & IRAGORRI CORREDORES DE SEGUROS S.A.;NO;NO;NO;SI;SI;SI;NO;NO;NO;NO;NO;NO
27/03/1989;29;RESTREPO HENAO S.A. CORREDORES DE SEGUROS;NO;NO;NO;NO;NO;SI;NO;SI;NO;NO;NO;NO
7/09/1963;55;SEGUROS GENERALES SURAMERICANA S.A.;NO;SI;NO;NO;NO;NO;NO;NO;NO;NO;NO;NO
28/04/1958;60;SEGUROS GENERALES SURAMERICANA S.A.;NO;NO;SI;NO;NO;NO;NO;NO;NO;NO;NO;NO
21/01/2020;-1;HERNANDEZ ENCISO  ALVARO;NO;NO;NO;NO;NO;NO;NO;NO;NO;NO;SI;NO
8/10/1983;35;WILLIS TOWERS WATSON COLOMBIA CORREDORES DE SEGUROS SA;SI;NO;NO;NO;NO;SI;NO;NO;NO;NO;NO;NO
21/01/2020;-1;SEGUROS GENERALES SURAMERICANA S.A.;NO;SI;NO;NO;NO;NO;NO;NO;NO;NO;NO;NO
11/09/1983;35;SEGUROS GENERALES SURAMERICANA S.A.;NO;NO;SI;NO;NO;NO;NO;NO;NO;NO;NO;NO
16/02/1993;25;GARCES LLOREDA Y CIA SA CORREDORES DE SEGUROS;NO;NO;NO;NO;NO;SI;NO;SI;NO;NO;NO;NO
14/10/1964;54;SEGUROS GENERALES SURAMERICANA S.A.;NO;NO;SI;NO;NO;NO;NO;NO;NO;NO;NO;NO
5/09/1957;61;AON RISK SERVICES COLOMBIA S.A.;NO;NO;NO;NO;NO;SI;NO;NO;NO;NO;NO;NO
24/06/1990;28;SEGUROS GENERALES SURAMERICANA S.A.;NO;NO;SI;NO;NO;NO;NO;NO;NO;NO;NO;NO
20/11/1963;55;WILLIS TOWERS WATSON COLOMBIA CORREDORES DE SEGUROS SA;SI;NO;NO;NO;NO;SI;NO;NO;NO;NO;NO;NO
15/06/1976;42;Sin Información;NO;NO;NO;NO;NO;NO;NO;SI;NO;NO;NO;NO
8/08/1991;27;WILLIS TOWERS WATSON COLOMBIA CORREDORES DE SEGUROS SA;NO;NO;NO;NO;NO;SI;NO;NO;NO;NO;NO;NO
21/01/2020;-1;SEGUROS GENERALES SURAMERICANA S.A.;NO;SI;NO;NO;NO;NO;NO;NO;NO;NO;NO;NO
31/12/1954;64;SERVICIOS FINANCIEROS S.A. SERFINANSA COMPAÑIA DE FINANCIAMIENTO;NO;NO;NO;NO;NO;SI;NO;NO;NO;NO;NO;NO
3/01/1963;56;MAZ INVERSIONES Y SEGUROS LTDA;NO;NO;NO;NO;NO;SI;NO;SI;NO;NO;NO;NO
10/05/1976;42;ECHEVERRY MONDRAGON  LINA MARIA;SI;NO;SI;SI;NO;NO;NO;NO;NO;NO;NO;NO
1/01/1933;86;Sin Información;NO;NO;NO;NO;NO;NO;NO;SI;NO;NO;NO;NO
7/09/1967;51;Sin Información;NO;SI;NO;NO;NO;NO;NO;NO;NO;NO;NO;NO
28/01/1941;77;SERVICIOS FINANCIEROS S.A. SERFINANSA COMPAÑIA DE FINANCIAMIENTO;NO;NO;NO;NO;NO;SI;NO;NO;NO;NO;NO;NO
20/04/1989;29;SEGUROS GENERALES SURAMERICANA S.A.;NO;NO;SI;NO;NO;NO;NO;NO;NO;NO;NO;NO
29/09/1961;57;CASTRO MORENO  LUZ EDILMA;NO;NO;NO;NO;NO;NO;NO;SI;NO;NO;NO;NO
1/08/1961;57;AON RISK SERVICES COLOMBIA S.A.;NO;NO;NO;NO;NO;SI;NO;NO;NO;NO;NO;NO
11/12/1977;41;ALZATE SANCHEZ  YULENY;NO;SI;NO;NO;NO;NO;NO;NO;NO;NO;NO;NO
17/11/1971;47;AON RISK SERVICES COLOMBIA S.A.;NO;NO;NO;NO;NO;SI;NO;SI;NO;NO;NO;NO
28/01/1998;20;SEGUROS GENERALES SURAMERICANA S.A.;SI;NO;NO;NO;NO;NO;NO;NO;NO;NO;NO;NO
21/01/2020;-1;JARDINE LLOYD THOMPSON VALENCIA & IRAGORRI CORREDORES DE SEGUROS S.A.;SI;NO;NO;NO;NO;NO;NO;NO;NO;NO;NO;NO
21/01/2020;-1;SEGUROS GENERALES SURAMERICANA S.A.;NO;NO;NO;NO;NO;NO;NO;NO;NO;NO;NO;NO
3/05/1961;57;SEGUROS GENERALES SURAMERICANA S.A.;NO;SI;NO;NO;NO;NO;NO;NO;NO;NO;NO;NO
14/10/1968;50;WILLIS TOWERS WATSON COLOMBIA CORREDORES DE SEGUROS SA;NO;NO;NO;NO;NO;SI;NO;NO;NO;NO;NO;NO
2/10/1989;29;AON RISK SERVICES COLOMBIA S.A.;NO;NO;NO;NO;NO;SI;NO;NO;NO;NO;NO;NO
10/06/1987;31;Sin Información;NO;NO;NO;NO;NO;SI;NO;NO;NO;NO;NO;NO
3/05/1999;19;SEGUROS GENERALES SURAMERICANA S.A.;NO;NO;NO;NO;NO;NO;NO;NO;NO;NO;NO;NO
2/09/1978;40;POLISEGUROS ASESORES EN SEGUROS LTDA;NO;SI;NO;NO;NO;SI;NO;SI;NO;NO;NO;NO
14/04/1954;64;Sin Información;NO;NO;SI;NO;NO;NO;SI;NO;NO;NO;NO;SI
12/06/1991;27;Sin Información;NO;NO;NO;NO;NO;NO;NO;SI;NO;NO;NO;NO
21/01/2020;-1;PINTO BURBANO  MARIA DE LOS ANGELES;NO;NO;NO;NO;NO;NO;NO;NO;NO;NO;SI;NO
29/04/1967;51;Sin Información;NO;NO;NO;NO;NO;NO;NO;SI;NO;NO;NO;NO
6/07/1967;51;RAMOS GONZALEZ  RONALDO;NO;NO;SI;NO;NO;NO;NO;NO;NO;NO;NO;NO
21/01/2020;-1;JALREY Y CIA LTDA ASESORES DE SEGUROS;NO;NO;NO;NO;NO;NO;NO;NO;NO;NO;NO;NO
26/01/1956;62;AON RISK SERVICES COLOMBIA S.A.;NO;NO;NO;NO;NO;SI;NO;NO;NO;NO;NO;NO
23/05/2014;4;PIEDAD BOTERO Y CIA LIMITADA;NO;NO;NO;SI;NO;NO;NO;NO;NO;NO;NO;NO
21/01/2020;-1;MURIEL VALENCIA  CESAR AUGUSTO;NO;NO;NO;NO;NO;NO;NO;NO;NO;NO;SI;NO
3/03/1988;30;SEGUROS GENERALES SURAMERICANA S.A.;NO;NO;NO;NO;NO;SI;NO;SI;NO;NO;NO;NO
1/06/1962;56;LOGREIRA .  EDITH CONSTANZA;NO;NO;NO;NO;NO;SI;NO;NO;NO;NO;NO;NO
5/04/1943;75;CLARA INES VILLALOBOS LTDA;NO;NO;NO;SI;NO;NO;NO;NO;NO;NO;NO;NO
5/07/1985;33;SEGUROS GENERALES SURAMERICANA S.A.;NO;NO;SI;NO;NO;NO;NO;NO;NO;NO;NO;NO
23/10/1978;40;SEGUROS GENERALES SURAMERICANA S.A.;NO;NO;NO;NO;NO;NO;NO;NO;NO;NO;NO;NO
1/03/1958;60;SEGUROS GENERALES SURAMERICANA S.A.;NO;NO;NO;NO;NO;SI;NO;NO;NO;NO;NO;NO
26/04/1952;66;AON RISK SERVICES COLOMBIA S.A.;NO;NO;NO;NO;NO;SI;NO;NO;NO;NO;NO;NO
22/02/1982;36;SEGUROS GENERALES SURAMERICANA S.A.;NO;NO;SI;NO;NO;NO;NO;NO;NO;NO;NO;NO
21/01/2020;-1;SERVICIOS FINANCIEROS S.A. SERFINANSA COMPAÑIA DE FINANCIAMIENTO;NO;NO;NO;NO;NO;SI;NO;NO;NO;NO;NO;NO
6/10/1981;37;WILLIS TOWERS WATSON COLOMBIA CORREDORES DE SEGUROS SA;NO;NO;NO;NO;NO;SI;NO;NO;NO;NO;NO;NO
18/03/1970;48;SEGUROS GENERALES SURAMERICANA S.A.;NO;SI;NO;NO;NO;NO;NO;NO;NO;NO;NO;NO
21/12/1959;59;BAENE FEREZ  JOSE LUIS;NO;NO;NO;NO;SI;SI;NO;NO;NO;NO;NO;NO
25/02/1965;53;SEGUROS GENERALES SURAMERICANA S.A.;NO;NO;NO;NO;NO;SI;NO;SI;NO;NO;NO;NO
14/04/1973;45;VILLEGAS ARANGO  MARIO;NO;NO;SI;NO;NO;NO;NO;NO;NO;NO;NO;NO
8/11/1983;35;LOGREIRA .  EDITH CONSTANZA;NO;NO;NO;NO;NO;SI;NO;NO;NO;NO;NO;NO
21/01/2020;-1;COMERCIAL COLOMBIANA LTDA AGENCIA DE SEGUROS;NO;NO;NO;NO;NO;NO;NO;NO;NO;NO;NO;NO
14/02/1975;43;SEGUROS GENERALES SURAMERICANA S.A.;NO;NO;SI;NO;NO;NO;NO;NO;NO;NO;NO;NO
8/10/1981;37;AON RISK SERVICES COLOMBIA S.A.;NO;NO;NO;NO;NO;SI;NO;NO;NO;NO;NO;NO
21/01/2020;-1;DELIMA MARSH S.A. LOS CORREDORES DE SEGUROS;NO;NO;NO;NO;NO;NO;NO;NO;SI;NO;NO;NO
12/08/1977;41;WILLIS TOWERS WATSON COLOMBIA CORREDORES DE SEGUROS SA;NO;NO;NO;NO;NO;SI;NO;NO;NO;NO;NO;NO
3/05/1970;48;SEGUROS GENERALES SURAMERICANA S.A.;NO;SI;NO;NO;NO;NO;NO;NO;NO;NO;NO;NO
21/01/2020;-1;TRES TORRES ASE SORES PROFESION;NO;NO;NO;NO;NO;NO;NO;NO;NO;NO;SI;NO
19/02/1999;19;SEGUROS GENERALES SURAMERICANA S.A.;NO;NO;NO;NO;NO;SI;NO;SI;NO;NO;NO;NO
29/04/1980;38;SEGUROS GENERALES SURAMERICANA S.A.;NO;SI;NO;NO;NO;NO;NO;NO;NO;NO;NO;NO
31/01/1952;66;CADAVID BLANCO  JUDITH;NO;NO;SI;NO;NO;NO;NO;NO;NO;NO;NO;NO
21/01/2020;-1;GONZALEZ INFANSON  ISBETH CECILIA;NO;NO;NO;NO;NO;NO;NO;NO;NO;NO;SI;NO
27/11/1959;59;PROGRAMADORA DE FIANZAS Y SEGUROS LTDA;NO;NO;NO;NO;SI;NO;NO;NO;NO;NO;NO;NO
19/11/1980;38;PAREDES MORILLO  JUAN CARLOS;NO;NO;NO;NO;NO;SI;NO;NO;NO;NO;NO;NO
21/01/2020;-1;AON RISK SERVICES COLOMBIA S.A.;NO;NO;NO;NO;NO;NO;NO;NO;SI;NO;NO;NO
4/06/1986;32;WILLIS TOWERS WATSON COLOMBIA CORREDORES DE SEGUROS SA;NO;NO;NO;NO;NO;SI;NO;NO;NO;NO;NO;NO
10/01/1965;54;POLISEGUROS ASESORES EN SEGUROS LTDA;NO;NO;NO;NO;NO;SI;NO;NO;NO;NO;NO;NO
19/08/1963;55;SEGUROS GENERALES SURAMERICANA S.A.;NO;SI;NO;NO;NO;NO;NO;NO;NO;NO;NO;NO
26/03/1971;47;SEGUROS GENERALES SURAMERICANA S.A.;NO;NO;SI;NO;NO;NO;NO;NO;NO;NO;NO;NO
22/04/1957;61;SEGUROS GENERALES SURAMERICANA S.A.;NO;NO;SI;NO;NO;NO;NO;NO;NO;NO;NO;NO
2/01/1957;62;RALSEGUROS LTDA ASESORES DE SEGUROS;NO;NO;NO;NO;NO;SI;NO;NO;NO;NO;NO;NO
11/12/1958;60;OSORIO ORTIZ  YUBER ESTEBAN;NO;NO;NO;NO;NO;NO;NO;SI;NO;NO;NO;NO
28/01/1982;36;JAIMES TORRES  OSCAR ANDRES;NO;NO;NO;NO;NO;NO;NO;NO;SI;NO;NO;NO
17/09/1958;60;SEGUROS GENERALES SURAMERICANA S.A.;NO;SI;NO;NO;NO;NO;NO;NO;NO;NO;NO;NO
18/04/1969;49;KLINGER CORDOBA  GENNY ROCIO;NO;NO;NO;NO;NO;SI;NO;NO;NO;NO;NO;NO
2/06/1992;26;SEGUROS GENERALES SURAMERICANA S.A.;NO;NO;NO;NO;NO;SI;NO;SI;NO;NO;NO;NO
5/09/1997;21;SEGUROS GENERALES SURAMERICANA S.A.;NO;SI;NO;NO;NO;NO;NO;NO;NO;NO;NO;NO
4/08/1987;31;SEGUROS GENERALES SURAMERICANA S.A.;NO;SI;SI;NO;NO;NO;NO;NO;NO;NO;NO;NO
21/01/2020;-1;Sin Información;NO;NO;NO;NO;NO;NO;NO;SI;NO;NO;NO;NO
21/01/2020;-1;DELIMA MARSH S.A. LOS CORREDORES DE SEGUROS;NO;NO;NO;NO;NO;NO;NO;NO;NO;NO;SI;NO
12/06/1993;25;CASAS LEON  DARWIN ANIBAL;NO;NO;NO;NO;NO;NO;NO;SI;NO;NO;NO;NO
10/02/1990;28;Sin Información;NO;NO;NO;NO;NO;NO;NO;SI;NO;NO;NO;NO
16/06/1961;57;RHINO LTDA. AGENCIA DE SEGUROS;NO;NO;NO;NO;NO;SI;NO;NO;NO;NO;NO;NO
21/01/2020;-1;COMERCIAL COLOMBIANA LTDA AGENCIA DE SEGUROS;NO;NO;NO;NO;NO;NO;NO;NO;NO;NO;NO;NO
29/01/1982;36;SEGUROS CENTRALIZADOS, S.A.;SI;NO;NO;NO;NO;NO;NO;NO;NO;NO;NO;NO
18/03/1959;59;WILLIS TOWERS WATSON COLOMBIA CORREDORES DE SEGUROS SA;NO;NO;NO;NO;NO;SI;NO;NO;NO;NO;NO;NO
10/01/1980;39;SEGUROS GENERALES SURAMERICANA S.A.;NO;SI;NO;NO;NO;NO;NO;SI;NO;NO;NO;NO
15/12/1976;42;VALORAR AGENCIA DE SEGUROS LTDA.;NO;NO;NO;SI;NO;NO;NO;NO;NO;NO;NO;NO
21/04/1986;32;SIERRA MESA  JAIRO ANTONIO;NO;NO;NO;NO;NO;SI;NO;SI;NO;NO;NO;NO
21/01/2020;-1;PAREJA FLOREZ  SANTIAGO;NO;NO;NO;NO;NO;NO;NO;NO;NO;NO;SI;NO
16/07/1971;47;WILLIS TOWERS WATSON COLOMBIA CORREDORES DE SEGUROS SA;NO;NO;NO;NO;NO;SI;NO;NO;NO;NO;NO;NO
6/12/1997;21;SEGUROS GENERALES SURAMERICANA S.A.;NO;NO;NO;NO;NO;NO;NO;NO;NO;NO;NO;NO
26/10/1972;46;PARA TODOS AGEN DE SEGUROS LTDA;NO;NO;NO;NO;NO;SI;NO;NO;NO;NO;NO;NO
1/11/1989;29;AKUO AGENCIA DE SEGUROS LIMITADA;NO;NO;NO;NO;NO;SI;NO;SI;NO;NO;NO;NO
24/05/1991;27;SEGUROS GENERALES SURAMERICANA S.A.;NO;NO;SI;NO;NO;NO;NO;NO;NO;NO;NO;NO
14/07/1962;56;MONTOYA OSORIO  CATALINA MARIA;NO;NO;NO;NO;NO;SI;NO;NO;NO;NO;NO;NO
12/01/1989;30;SEGUROS CENTRALIZADOS CHIRIQUI;SI;NO;NO;NO;NO;NO;NO;NO;NO;NO;NO;NO
29/09/1985;33;WILLIS TOWERS WATSON COLOMBIA CORREDORES DE SEGUROS SA;NO;NO;NO;NO;NO;SI;NO;NO;NO;NO;NO;NO
3/04/1971;47;WILLIS TOWERS WATSON COLOMBIA CORREDORES DE SEGUROS SA;NO;NO;NO;NO;NO;SI;NO;NO;NO;NO;NO;NO
6/03/1967;51;SEGUROS GENERALES SURAMERICANA S.A.;NO;NO;SI;NO;NO;NO;NO;NO;NO;NO;NO;NO
28/04/1990;28;GUERRERO PEREZ  MARCELINO MANUEL;NO;NO;NO;NO;NO;SI;NO;SI;NO;NO;NO;NO
1/09/1985;33;AKUO AGENCIA DE SEGUROS LIMITADA;NO;NO;NO;NO;NO;SI;NO;SI;NO;NO;NO;NO
4/06/1964;54;MARSH  SEMUSA S.A.;NO;NO;NO;NO;NO;NO;NO;NO;NO;NO;NO;NO
24/06/1973;45;DAVID COHEN Y CIA LTDA;NO;NO;NO;NO;NO;SI;NO;SI;NO;NO;NO;NO
24/10/1969;49;PRESENTE AGENCIA DE SEGUROS LTDA.;NO;NO;NO;NO;NO;SI;NO;SI;NO;NO;NO;NO
26/01/1964;54;WILLIS TOWERS WATSON COLOMBIA CORREDORES DE SEGUROS SA;NO;NO;NO;NO;NO;SI;NO;NO;NO;NO;NO;NO
20/03/1980;38;MOGOLLON PEREZ  MERCEDES ANDREA;SI;NO;NO;NO;NO;NO;NO;NO;NO;NO;NO;NO
4/12/1948;70;SEGUROS  CENTRALIZADOS CHITRE;SI;NO;NO;NO;NO;NO;NO;NO;NO;NO;NO;NO
26/09/1978;40;CASAS LEON  DARWIN ANIBAL;NO;NO;NO;NO;NO;NO;NO;SI;NO;NO;NO;NO
29/04/1991;27;SEGUROS GENERALES SURAMERICANA S.A.;NO;SI;NO;NO;NO;NO;NO;NO;NO;NO;NO;NO
25/07/1993;25;REYES CANTOR  EULISES;SI;NO;NO;SI;NO;NO;NO;NO;NO;NO;NO;NO
11/09/1986;32;RESTREPO HENAO S.A. CORREDORES DE SEGUROS;NO;NO;NO;NO;NO;SI;NO;SI;NO;NO;NO;NO
21/01/2020;-1;GONZALEZ GONZALEZ  ANGELA MARCELA;NO;NO;NO;NO;NO;NO;NO;NO;NO;NO;SI;NO
27/08/1982;36;CASTRO VALENCIA  ANA CAROLINA;NO;NO;NO;NO;SI;NO;NO;NO;NO;NO;NO;NO
6/04/1961;57;CORREDORES DE SEGUROS CENTROSEGUROS S.A.;SI;NO;NO;NO;NO;NO;NO;NO;NO;NO;NO;NO
22/07/1971;47;SEGUROS GENERALES SURAMERICANA S.A.;NO;NO;SI;NO;NO;NO;NO;NO;NO;NO;NO;NO
24/04/1983;35;SEGUROS GENERALES SURAMERICANA S.A.;NO;SI;NO;NO;NO;NO;NO;NO;NO;NO;NO;NO
21/04/1980;38;WILLIS TOWERS WATSON COLOMBIA CORREDORES DE SEGUROS SA;NO;NO;NO;NO;NO;SI;NO;NO;NO;NO;NO;NO
23/08/1951;67;AON RISK SERVICES COLOMBIA S.A.;NO;NO;NO;NO;NO;SI;NO;NO;NO;NO;NO;NO
9/01/1980;39;E-CARS AGENCIA DE SEGUROS LTDA;SI;NO;NO;NO;NO;NO;NO;NO;NO;NO;NO;NO
5/01/1977;42;SEGUROS GENERALES SURAMERICANA S.A.;NO;NO;SI;NO;NO;NO;NO;NO;NO;NO;NO;NO
21/01/2020;-1;TRIANA .  LEONOR;NO;NO;NO;NO;NO;NO;NO;NO;NO;NO;NO;NO
9/07/1978;40;SEGUROS GENERALES SURAMERICANA S.A.;NO;NO;NO;NO;NO;SI;NO;NO;NO;NO;NO;NO
18/06/1946;72;CATALAN TUNJANO  MARIA LUCIA;NO;NO;NO;NO;NO;SI;NO;NO;NO;NO;NO;NO
23/02/2008;10;DE CASTRO DANIES  MARIAXILENA;NO;NO;NO;SI;NO;NO;NO;NO;NO;NO;NO;NO
16/11/1959;59;WILLIS TOWERS WATSON COLOMBIA CORREDORES DE SEGUROS SA;NO;NO;NO;NO;NO;SI;NO;NO;NO;NO;NO;NO
9/05/1986;32;SEGUROS GENERALES SURAMERICANA S.A.;NO;NO;NO;NO;NO;NO;NO;NO;NO;NO;NO;NO
29/12/1945;73;WILLIS TOWERS WATSON COLOMBIA CORREDORES DE SEGUROS SA;NO;NO;NO;NO;NO;SI;NO;NO;NO;NO;NO;NO
21/01/2020;-1;COMERCIAL COLOMBIANA LTDA AGENCIA DE SEGUROS;NO;NO;NO;NO;NO;NO;NO;NO;NO;NO;SI;NO
10/10/1981;37;INCOLMOTOS - YAMAHA S.A.;NO;SI;NO;NO;NO;NO;NO;SI;NO;NO;NO;NO
21/01/2020;-1;WILLIS TOWERS WATSON COLOMBIA CORREDORES DE SEGUROS SA;SI;NO;NO;NO;NO;SI;NO;NO;NO;NO;NO;NO
6/11/1965;53;SEGUROS GENERALES SURAMERICANA S.A.;NO;SI;NO;NO;NO;NO;NO;NO;NO;NO;NO;NO
13/09/1978;40;SEGUROS GENERALES SURAMERICANA S.A.;NO;NO;NO;NO;NO;NO;NO;NO;NO;NO;NO;NO
12/08/1959;59;AGENCIA DE SEGUROS QUINCE LTDA;NO;SI;NO;NO;NO;NO;NO;NO;NO;NO;NO;NO
6/10/2016;2;PRESENTE AGENCIA DE SEGUROS LTDA.;NO;NO;NO;NO;NO;SI;NO;SI;NO;NO;NO;NO
25/02/1983;35;Sin Información;NO;NO;NO;NO;NO;NO;NO;NO;NO;NO;NO;NO
30/11/1960;58;WILLIS TOWERS WATSON COLOMBIA CORREDORES DE SEGUROS SA;NO;NO;NO;NO;NO;SI;NO;NO;NO;NO;NO;NO
3/03/1974;44;WILLIS TOWERS WATSON COLOMBIA CORREDORES DE SEGUROS SA;NO;NO;NO;NO;NO;SI;NO;NO;NO;NO;NO;NO
1/01/1985;34;Sin Información;NO;NO;NO;NO;NO;NO;NO;NO;NO;NO;NO;NO
7/06/1965;53;COOPROSEGUROS AGENCIA DE SEGUROS LTDA;SI;NO;NO;SI;NO;NO;NO;NO;NO;SI;NO;NO
28/12/1997;21;SEGUROS GENERALES SURAMERICANA S.A.;NO;NO;NO;NO;NO;NO;NO;NO;NO;NO;NO;NO
2/09/1976;42;SOLIS DIAZ  CLAUDIA MILENA;NO;NO;NO;NO;NO;NO;NO;SI;NO;NO;NO;NO
21/11/1967;51;SEGUROS GENERALES SURAMERICANA S.A.;NO;NO;SI;NO;NO;NO;NO;NO;NO;NO;NO;NO
18/08/1956;62;WILLIS TOWERS WATSON COLOMBIA CORREDORES DE SEGUROS SA;NO;NO;NO;NO;NO;SI;NO;NO;NO;NO;NO;NO
21/01/2020;-1;COMERCIAL COLOMBIANA LTDA AGENCIA DE SEGUROS;NO;NO;NO;NO;NO;NO;NO;NO;NO;NO;SI;NO
21/01/2020;-1;SEGUROS GENERALES SURAMERICANA S.A.;NO;NO;NO;NO;NO;NO;NO;NO;NO;NO;SI;NO
21/01/2020;-1;COMERCIAL COLOMBIANA LTDA AGENCIA DE SEGUROS;NO;NO;NO;NO;NO;NO;NO;NO;NO;NO;SI;NO
28/05/1970;48;MOTAVITA MALAGON  WILMAN GERARDO;NO;NO;NO;NO;NO;NO;NO;NO;NO;NO;NO;NO
29/12/1968;50;GALINDO VEGA  DARWIN FERNEY;NO;NO;NO;NO;NO;NO;NO;SI;NO;NO;NO;NO
4/02/1987;31;SEGUROS GENERALES SURAMERICANA S.A.;NO;SI;NO;NO;NO;NO;NO;NO;NO;NO;NO;NO
21/10/1972;46;SEGUROS GENERALES SURAMERICANA S.A.;NO;SI;NO;NO;NO;NO;NO;NO;NO;NO;NO;NO
5/12/1946;72;SEGUROS GENERALES SURAMERICANA S.A.;NO;NO;NO;NO;NO;SI;NO;NO;NO;NO;NO;NO
21/01/2020;-1;SEGUROS GENERALES SURAMERICANA S.A.;NO;NO;NO;NO;NO;NO;NO;NO;NO;NO;SI;NO
20/07/1992;26;SEGUROS GENERALES SURAMERICANA S.A.;NO;NO;SI;NO;NO;NO;NO;NO;NO;NO;NO;NO
17/12/1972;46;SERVICIOS FINANCIEROS S.A. SERFINANSA COMPAÑIA DE FINANCIAMIENTO;NO;NO;NO;NO;NO;SI;NO;NO;NO;NO;NO;NO
18/12/1984;34;WILLIS TOWERS WATSON COLOMBIA CORREDORES DE SEGUROS SA;NO;NO;NO;NO;NO;SI;NO;NO;NO;NO;NO;NO
5/12/1992;26;PROASEGUROS LTDA;NO;NO;NO;NO;NO;NO;NO;NO;NO;NO;NO;NO
4/12/1969;49;SEGUROS GENERALES SURAMERICANA S.A.;NO;NO;SI;NO;NO;NO;NO;NO;NO;NO;NO;NO
21/01/2020;-1;DELIMA MARSH S.A. LOS CORREDORES DE SEGUROS;NO;NO;NO;NO;NO;NO;NO;NO;NO;NO;SI;NO
26/07/1982;36;GAMA LTDA;NO;NO;NO;NO;NO;SI;NO;NO;NO;NO;NO;NO
2/10/1984;34;SERVICIOS FINANCIEROS S.A. SERFINANSA COMPAÑIA DE FINANCIAMIENTO;NO;NO;NO;NO;NO;SI;NO;NO;NO;NO;NO;NO
20/12/1981;37;AGENCIA PROFESIONAL DE SEGUROS MILENIO;SI;NO;NO;NO;NO;NO;NO;NO;NO;NO;NO;NO
25/09/1987;31;PAREDES MORILLO  JUAN CARLOS;NO;NO;NO;NO;NO;SI;NO;NO;NO;NO;NO;NO
22/07/1977;41;SEGUROS GENERALES SURAMERICANA S.A.;NO;SI;NO;NO;NO;NO;NO;NO;NO;NO;NO;NO
11/07/1978;40;Sin Información;NO;NO;NO;NO;NO;NO;NO;SI;NO;NO;NO;NO
25/02/1984;34;ITAU CORREDOR DE SEGUROS COLOMBIA S.A;NO;NO;NO;NO;NO;SI;NO;NO;NO;NO;NO;NO
23/03/1992;26;SEGUROS GENERALES SURAMERICANA S.A.;NO;SI;NO;NO;NO;NO;NO;NO;NO;NO;NO;NO
20/12/1996;22;OCAMPO MORENO  CLAUDIA MARCELA;NO;NO;NO;SI;NO;NO;NO;NO;NO;NO;NO;NO
23/05/1997;21;NIETO QUIROZ  MARGARITA MARIA;NO;NO;NO;NO;NO;NO;NO;NO;NO;NO;NO;NO
21/01/2020;-1;SERVICIOS FINANCIEROS S.A. SERFINANSA COMPAÑIA DE FINANCIAMIENTO;NO;NO;NO;NO;NO;SI;NO;NO;NO;NO;NO;NO
20/07/2000;18;ROA DIAZ Y CIA LTDA;NO;NO;NO;NO;NO;SI;NO;NO;NO;NO;NO;NO
15/12/1984;34;WILLIS TOWERS WATSON COLOMBIA CORREDORES DE SEGUROS SA;NO;NO;NO;NO;NO;SI;NO;NO;NO;NO;NO;NO
10/12/1988;30;HURTADO MONTOYA  YANETH CRISTINA;NO;NO;NO;NO;NO;NO;NO;NO;NO;NO;NO;NO
22/04/1961;57;Sin Información;NO;NO;NO;NO;NO;NO;NO;SI;NO;NO;NO;NO
9/10/1977;41;GOMEZ RIVERO  MERLIN LOHANA;NO;NO;NO;NO;NO;SI;NO;NO;NO;NO;NO;NO
15/07/1983;35;BANCO FALABELLA S A;NO;NO;NO;NO;NO;SI;NO;NO;NO;NO;NO;NO
19/03/1984;34;BET EL INSURANCE LTDA;NO;SI;NO;NO;NO;NO;NO;NO;NO;NO;NO;NO
21/01/2020;-1;SEGUROS GENERALES SURAMERICANA S.A.;NO;NO;NO;NO;NO;NO;NO;NO;NO;NO;NO;NO
22/11/1976;42;SERVICIOS FINANCIEROS S.A. SERFINANSA COMPAÑIA DE FINANCIAMIENTO;NO;NO;NO;NO;NO;SI;NO;NO;NO;NO;NO;NO
11/01/1997;22;AGENCIA VRP SEGUROS LTDA;NO;NO;NO;NO;NO;SI;NO;SI;NO;NO;NO;NO
23/03/1956;62;Sin Información;NO;NO;NO;NO;NO;NO;NO;SI;NO;NO;NO;NO
22/11/1983;35;SERENTIA SEGUROS LIMITADA AGENCIA DE SEGUROS;NO;NO;NO;NO;NO;SI;NO;NO;NO;NO;NO;NO
19/04/1960;58;INTEGRAL ASESORES DE SEGUROS LTDA. INTEGRAL DE SEGUROS;NO;NO;NO;NO;NO;SI;NO;SI;NO;NO;NO;NO
19/11/1994;24;SEGUROS GENERALES SURAMERICANA S.A.;NO;NO;SI;NO;NO;NO;NO;NO;NO;NO;NO;NO
3/03/1977;41;ANTIOQUEÑA DE AUTOMOTORES Y REPUESTOS S.A.;NO;SI;NO;NO;NO;NO;NO;NO;NO;NO;NO;NO
15/06/1974;44;GAMA LTDA;NO;NO;NO;NO;NO;SI;NO;NO;NO;NO;NO;NO
28/03/1982;36;SEGUROS GENERALES SURAMERICANA S.A.;NO;NO;SI;NO;NO;NO;NO;NO;NO;NO;NO;NO
21/01/2020;-1;COMERCIAL COLOMBIANA LTDA AGENCIA DE SEGUROS;NO;NO;NO;NO;NO;NO;NO;NO;NO;NO;SI;NO
21/01/2020;-1;SEGUROS GENERALES SURAMERICANA S.A.;NO;NO;NO;NO;NO;NO;NO;NO;NO;NO;NO;NO
26/05/1986;32;ASESORIAS INTEGRALES FUERTE SEGUROS LTDA;NO;NO;SI;NO;NO;NO;NO;NO;NO;NO;NO;NO
14/04/1954;64;SEGUROS GENERALES SURAMERICANA S.A.;NO;SI;NO;NO;NO;SI;NO;NO;NO;NO;NO;NO
8/08/1961;57;SERVICIOS FINANCIEROS S.A. SERFINANSA COMPAÑIA DE FINANCIAMIENTO;NO;NO;NO;NO;NO;SI;NO;NO;NO;NO;NO;NO
9/11/1979;39;Sin Información;NO;NO;NO;NO;NO;NO;NO;NO;NO;NO;NO;NO
29/08/1978;40;SEGUROS GENERALES SURAMERICANA S.A.;NO;SI;NO;NO;NO;NO;NO;NO;NO;NO;NO;NO
9/03/1984;34;AON RISK SERVICES COLOMBIA S.A.;NO;NO;NO;NO;NO;SI;NO;NO;NO;NO;NO;NO
23/09/1930;88;SEGUROS ALIADOS LIMITADA;NO;SI;NO;NO;NO;NO;NO;NO;NO;NO;NO;NO
10/01/1998;21;WILLIS TOWERS WATSON COLOMBIA CORREDORES DE SEGUROS SA;NO;NO;NO;NO;NO;SI;NO;NO;NO;NO;NO;NO
5/11/1945;73;AON RISK SERVICES COLOMBIA S.A.;NO;NO;NO;NO;NO;SI;NO;NO;NO;NO;NO;NO
21/01/2020;-1;SERVICIOS FINANCIEROS S.A. SERFINANSA COMPAÑIA DE FINANCIAMIENTO;NO;NO;NO;NO;NO;SI;NO;NO;NO;NO;NO;NO
9/02/1983;35;AGENCIA VRP SEGUROS LTDA;NO;NO;NO;SI;NO;NO;NO;NO;NO;NO;NO;NO
17/04/1965;53;WILLIS TOWERS WATSON COLOMBIA CORREDORES DE SEGUROS SA;NO;NO;NO;NO;NO;SI;NO;NO;NO;NO;NO;NO
22/02/1970;48;PASO SEGURO AGENCIA DE SEGUROS;NO;NO;NO;NO;NO;NO;NO;NO;NO;SI;NO;NO
22/11/1989;29;Sin Información;NO;NO;NO;NO;NO;NO;NO;SI;NO;NO;NO;NO
21/01/2020;-1;SEGUROS GENERALES SURAMERICANA S.A.;NO;NO;NO;NO;NO;NO;NO;NO;NO;NO;NO;NO
9/01/2008;11;ZULETA PATIÑO  ANDRES EDUARDO;NO;NO;NO;SI;NO;NO;NO;NO;NO;NO;NO;NO
20/02/1990;28;DAVILA IBARRA  CENIA YICET;NO;NO;NO;NO;NO;NO;NO;NO;NO;NO;NO;NO
21/01/2020;-1;COMERCIAL COLOMBIANA LTDA AGENCIA DE SEGUROS;NO;NO;NO;NO;NO;NO;NO;NO;NO;NO;SI;NO
25/01/1989;29;AON RISK SERVICES COLOMBIA S.A.;NO;NO;NO;NO;NO;SI;NO;NO;NO;NO;NO;NO
21/01/2020;-1;GARCIA CONCHA  LUIS JAIME;NO;NO;NO;NO;NO;NO;NO;NO;NO;NO;SI;NO
21/01/2020;-1;SEGUROS GENERALES SURAMERICANA S.A.;NO;NO;NO;NO;NO;NO;NO;NO;NO;NO;NO;NO
20/06/2014;4;ISAZA YEPES ASESORES DE SEGUROS Y CIA. LTDA.;NO;NO;NO;SI;NO;NO;SI;NO;NO;NO;NO;NO
11/04/1986;32;PAREDES MORILLO  JUAN CARLOS;NO;NO;NO;NO;NO;SI;NO;NO;NO;NO;NO;NO
3/09/2007;11;CM ASESORES EN SEGUROS LTDA;NO;NO;NO;SI;NO;NO;NO;NO;NO;NO;NO;NO
21/01/2020;-1;SEGUROS GENERALES SURAMERICANA S.A.;NO;NO;NO;NO;NO;SI;NO;NO;NO;NO;NO;NO
4/08/1977;41;SERVICIOS FINANCIEROS S.A. SERFINANSA COMPAÑIA DE FINANCIAMIENTO;NO;NO;NO;NO;NO;SI;NO;NO;NO;NO;NO;NO
24/04/1979;39;GRANADOS BRAVO  ALVARO;NO;NO;NO;NO;NO;SI;NO;NO;NO;NO;NO;NO
13/12/1993;25;SEGUROS DE VIDA SURAMERICANA S.A.;NO;NO;NO;NO;NO;NO;NO;NO;NO;NO;NO;NO
22/07/1958;60;PABON ARBOLEDA Y CIA LTDA - ASESORES EN SEGUROS;NO;NO;SI;NO;NO;NO;NO;NO;NO;NO;NO;NO
21/01/2020;-1;SERVICIOS FINANCIEROS S.A. SERFINANSA COMPAÑIA DE FINANCIAMIENTO;NO;NO;NO;NO;NO;SI;NO;NO;NO;NO;NO;NO
21/01/2020;-1;SEGUROS GENERALES SURAMERICANA S.A.;NO;NO;NO;NO;NO;SI;NO;NO;NO;NO;NO;NO
8/01/1997;22;SEGUROS GENERALES SURAMERICANA S.A.;NO;NO;NO;NO;NO;NO;NO;NO;NO;NO;NO;NO
18/02/1963;55;AON RISK SERVICES COLOMBIA S.A.;NO;NO;NO;NO;NO;SI;NO;NO;NO;NO;NO;NO
24/08/1980;38;WILLIS TOWERS WATSON COLOMBIA CORREDORES DE SEGUROS SA;NO;NO;NO;NO;NO;SI;NO;NO;NO;NO;NO;NO
9/10/1988;30;SEGUROS GENERALES SURAMERICANA S.A.;NO;SI;NO;NO;NO;NO;NO;NO;NO;NO;NO;NO
14/05/1977;41;BANCO FALABELLA S A;NO;NO;NO;NO;NO;SI;NO;NO;NO;NO;NO;NO
28/12/1977;41;SEGUROS GENERALES SURAMERICANA S.A.;NO;SI;NO;NO;NO;NO;NO;NO;NO;NO;NO;NO
16/05/1961;57;AGENCIA DE SEGUROS HUGO LOPEZ Y CIA LTDA;NO;NO;NO;SI;NO;NO;NO;NO;NO;NO;NO;NO
19/07/1949;69;SERVICIOS FINANCIEROS S.A. SERFINANSA COMPAÑIA DE FINANCIAMIENTO;NO;NO;NO;NO;NO;SI;NO;NO;NO;NO;NO;NO
7/10/1976;42;CORREDORES DE SEGUROS CENTROSEGUROS S.A.;NO;NO;NO;SI;NO;NO;NO;NO;NO;NO;NO;NO
7/11/1997;21;COOMEVA CORREDORES DE SEGUROS S.A.;NO;NO;NO;NO;NO;SI;NO;NO;NO;NO;NO;NO
15/10/1991;27;DP & B AGENCIA EN SEGUROS LTDA;NO;NO;NO;NO;NO;SI;NO;NO;NO;NO;NO;NO
19/04/1980;38;Sin Información;NO;NO;NO;SI;NO;NO;NO;NO;NO;NO;NO;NO
12/06/1989;29;CUARTAS FRANCO  KATERINE;NO;SI;NO;NO;NO;NO;NO;NO;NO;NO;NO;NO
7/08/1961;57;ROA DIAZ Y CIA LTDA;NO;NO;NO;NO;NO;SI;NO;SI;NO;NO;NO;NO
6/10/1986;32;BARRIENTOS RIOS  ESTEFANNY MARIA;NO;NO;NO;NO;NO;NO;NO;SI;NO;NO;NO;NO
7/05/1985;33;GLOBAL RISK INSURANCE MANAGEMENT COLOMBIA LTDA;NO;NO;NO;NO;NO;SI;NO;NO;NO;NO;NO;NO
17/11/1964;54;SEGUROS GENERALES SURAMERICANA S.A.;NO;NO;NO;NO;NO;NO;NO;NO;NO;NO;NO;NO
21/01/2020;-1;COOPROSEGUROS AGENCIA DE SEGUROS LTDA;NO;NO;NO;NO;NO;NO;NO;NO;NO;NO;SI;NO
24/07/1951;67;SEKURITAS S A;NO;NO;NO;NO;NO;SI;NO;NO;NO;NO;NO;NO
25/10/1973;45;SERVICIOS FINANCIEROS S.A. SERFINANSA COMPAÑIA DE FINANCIAMIENTO;NO;NO;NO;NO;NO;SI;NO;NO;NO;NO;NO;NO
28/01/1990;28;BLANCO .  LIGIA ESTHER;SI;NO;NO;NO;NO;NO;NO;NO;NO;NO;NO;NO
15/03/1960;58;AON RISK SERVICES COLOMBIA S.A.;NO;NO;NO;NO;NO;SI;NO;NO;NO;NO;NO;NO
13/02/1977;41;WILLIS TOWERS WATSON COLOMBIA CORREDORES DE SEGUROS SA;NO;NO;NO;NO;NO;SI;NO;NO;NO;NO;NO;NO
15/10/1970;48;WILLIS TOWERS WATSON COLOMBIA CORREDORES DE SEGUROS SA;NO;NO;NO;NO;NO;SI;NO;NO;NO;NO;NO;NO
21/01/2020;-1;SEGUROS GENERALES SURAMERICANA S.A.;NO;SI;NO;NO;NO;NO;NO;NO;NO;NO;NO;NO
27/02/1979;39;SEGUROS GENERALES SURAMERICANA S.A.;NO;SI;NO;NO;NO;NO;NO;NO;NO;NO;NO;NO
21/01/2020;-1;TRIANA ORTIZ  YULY ANDREA;NO;NO;NO;NO;NO;NO;NO;NO;NO;NO;NO;NO
28/01/1978;40;SEGUROS GENERALES SURAMERICANA S.A.;NO;SI;NO;NO;NO;NO;NO;NO;NO;NO;NO;NO
22/12/1955;63;Sin Información;NO;NO;NO;NO;NO;NO;NO;SI;NO;NO;NO;NO
10/10/1986;32;DIRIGIMOS AGENCIA DE SEGUROS LTDA;NO;NO;NO;NO;NO;NO;NO;SI;NO;NO;NO;NO
16/01/1967;52;GARCIA APOLINAR  YOLANDA;NO;NO;NO;NO;NO;SI;NO;NO;NO;NO;NO;NO
18/08/1992;26;WILLIS TOWERS WATSON COLOMBIA CORREDORES DE SEGUROS SA;NO;NO;NO;NO;NO;SI;NO;NO;NO;NO;NO;NO
7/08/1968;50;SEGUROS GENERALES SURAMERICANA S.A.;NO;NO;SI;NO;NO;NO;NO;NO;NO;NO;NO;NO
24/09/1982;36;AON RISK SERVICES COLOMBIA S.A.;NO;NO;NO;NO;NO;SI;NO;NO;NO;NO;NO;NO
7/01/1992;27;Sin Información;NO;NO;NO;NO;NO;NO;NO;SI;NO;NO;NO;NO
9/10/1954;64;SEGUROS GENERALES SURAMERICANA S.A.;NO;SI;NO;NO;NO;NO;NO;NO;NO;NO;NO;NO
21/03/1995;23;SEGUROS GENERALES SURAMERICANA S.A.;NO;NO;NO;NO;NO;NO;NO;NO;NO;NO;NO;NO
21/01/2020;-1;SEGUROS GENERALES SURAMERICANA S.A.;NO;NO;NO;NO;NO;NO;NO;NO;NO;NO;NO;NO
16/12/1969;49;Sin Información;NO;NO;NO;NO;NO;NO;NO;NO;NO;NO;NO;NO
9/10/1976;42;SEGUROS GENERALES SURAMERICANA S.A.;NO;SI;NO;NO;NO;NO;NO;NO;NO;NO;NO;NO
21/01/2020;-1;MEDINA ESCOBAR  MARITZA;NO;NO;NO;NO;NO;NO;NO;NO;NO;NO;SI;NO
13/10/1992;26;WILLIS TOWERS WATSON COLOMBIA CORREDORES DE SEGUROS SA;NO;NO;NO;NO;NO;SI;NO;NO;NO;NO;NO;NO
31/01/1987;31;WILLIS TOWERS WATSON COLOMBIA CORREDORES DE SEGUROS SA;NO;NO;NO;NO;NO;SI;NO;NO;NO;NO;NO;NO
11/11/1976;42;SERVICIOS FINANCIEROS S.A. SERFINANSA COMPAÑIA DE FINANCIAMIENTO;NO;NO;NO;NO;NO;SI;NO;NO;NO;NO;NO;NO
21/01/2020;-1;FINESA SEGUROS Y CIA LTDA AGEN;NO;NO;NO;NO;NO;NO;NO;NO;NO;NO;SI;NO
29/09/1952;66;WILLIS TOWERS WATSON COLOMBIA CORREDORES DE SEGUROS SA;NO;NO;NO;NO;NO;SI;NO;NO;NO;NO;NO;NO
19/12/1964;54;SEGUROS GENERALES SURAMERICANA S.A.;NO;NO;NO;NO;NO;NO;NO;NO;NO;NO;NO;NO
18/04/1997;21;Sin Información;NO;NO;NO;NO;NO;NO;NO;SI;NO;NO;NO;NO
21/01/2020;-1;COMERCIAL COLOMBIANA LTDA AGENCIA DE SEGUROS;NO;NO;NO;NO;NO;NO;NO;NO;NO;NO;SI;NO
27/08/1985;33;SEGUROS GENERALES SURAMERICANA S.A.;NO;NO;NO;NO;NO;SI;NO;NO;NO;NO;NO;NO
30/12/1982;36;SEGUROS GENERALES SURAMERICANA S.A.;NO;NO;SI;NO;NO;NO;NO;NO;NO;NO;NO;NO
3/09/1971;47;WILLIS TOWERS WATSON COLOMBIA CORREDORES DE SEGUROS SA;NO;NO;NO;NO;NO;SI;NO;NO;NO;NO;NO;NO
10/11/1978;40;SEGUROS DE VIDA SURAMERICANA S.A.;NO;NO;NO;NO;NO;NO;NO;SI;NO;NO;NO;SI
4/10/1994;24;VELASCO HENAO  FRANCISCO JOSE;NO;NO;NO;NO;NO;SI;NO;NO;NO;NO;NO;NO
2/02/1976;42;AON RISK SERVICES COLOMBIA S.A.;NO;NO;NO;NO;NO;SI;NO;NO;NO;NO;NO;NO
18/02/1943;75;SEGUROS GENERALES SURAMERICANA S.A.;NO;SI;NO;NO;NO;NO;NO;NO;NO;NO;NO;NO
20/06/1957;61;RESTREPO HENAO S.A. CORREDORES DE SEGUROS;NO;NO;NO;NO;NO;SI;NO;SI;NO;NO;NO;NO
17/06/1978;40;SEGUROS GENERALES SURAMERICANA S.A.;NO;SI;NO;NO;NO;NO;NO;SI;NO;NO;NO;NO
22/02/1991;27;SEGUROS GENERALES SURAMERICANA S.A.;NO;NO;NO;NO;NO;NO;NO;NO;NO;NO;NO;NO
22/03/1965;53;SEGUROS GENERALES SURAMERICANA S.A.;NO;NO;NO;NO;NO;SI;NO;NO;NO;NO;NO;NO
16/04/1984;34;WILLIS TOWERS WATSON COLOMBIA CORREDORES DE SEGUROS SA;SI;NO;NO;NO;NO;SI;NO;NO;NO;NO;NO;NO
12/12/1988;30;Sin Información;NO;NO;SI;NO;NO;NO;SI;NO;NO;NO;NO;SI
19/02/1976;42;AGENCIA DE SEGU CM2 LTDA;SI;NO;NO;NO;NO;SI;NO;SI;NO;NO;NO;NO
4/09/1987;31;DEOSSA CORREA  IVAN DARIO;NO;NO;NO;NO;NO;SI;NO;SI;NO;NO;NO;NO
21/01/2020;-1;S M ASESORES EN SEGUROS Y CIA LTDA;NO;NO;NO;NO;NO;NO;NO;NO;NO;NO;SI;NO
31/12/1987;31;JARDINE LLOYD THOMPSON VALENCIA & IRAGORRI CORREDORES DE SEGUROS S.A.;NO;NO;NO;NO;NO;SI;NO;SI;NO;NO;NO;NO
24/05/1982;36;SEGUROS GENERALES SURAMERICANA S.A.;NO;SI;NO;NO;NO;NO;NO;NO;NO;NO;NO;NO
21/01/2020;-1;VALENCIA ZULUAGA  FEDERICO ALEJANDRO;NO;NO;NO;NO;NO;NO;NO;NO;SI;NO;NO;NO
7/07/1945;73;SERVICIOS FINANCIEROS S.A. SERFINANSA COMPAÑIA DE FINANCIAMIENTO;NO;NO;NO;NO;NO;SI;NO;NO;NO;NO;NO;NO
13/10/1996;22;WILLIS TOWERS WATSON COLOMBIA CORREDORES DE SEGUROS SA;NO;NO;NO;NO;NO;SI;NO;NO;NO;NO;NO;NO
17/09/1969;49;SEGUROS GENERALES SURAMERICANA S.A.;NO;NO;SI;NO;SI;NO;NO;NO;NO;NO;NO;NO
10/09/1963;55;Sin Información;NO;NO;NO;NO;NO;NO;NO;SI;NO;NO;NO;NO
26/06/1991;27;Sin Información;NO;NO;NO;NO;NO;NO;NO;NO;NO;NO;NO;NO
26/07/1984;34;PEREZ PULIDO  CARLOS ALBERTO;NO;NO;NO;NO;NO;SI;NO;NO;NO;NO;NO;NO
18/11/1974;44;SEGUROS GENERALES SURAMERICANA S.A.;NO;NO;SI;NO;NO;SI;NO;NO;NO;NO;NO;SI
8/02/1958;60;GRUPO COOGRANADA ASESORESEN SEGUROS LTDA;NO;NO;NO;NO;NO;SI;NO;NO;NO;NO;NO;NO
16/11/1969;49;WILLIS TOWERS WATSON COLOMBIA CORREDORES DE SEGUROS SA;NO;NO;NO;NO;NO;SI;NO;NO;NO;NO;NO;NO
30/09/2010;8;MAZ INVERSIONES Y SEGUROS LTDA;NO;NO;NO;SI;NO;NO;NO;NO;NO;NO;NO;NO
1/02/1989;29;SERVICIOS FINANCIEROS S.A. SERFINANSA COMPAÑIA DE FINANCIAMIENTO;NO;NO;NO;NO;NO;SI;NO;NO;NO;NO;NO;NO
21/01/2020;-1;WILLIS TOWERS WATSON COLOMBIA CORREDORES DE SEGUROS SA;NO;NO;NO;NO;NO;SI;NO;NO;NO;NO;NO;NO
21/01/2020;-1;SEGUROS GENERALES SURAMERICANA S.A.;NO;SI;NO;NO;NO;NO;NO;NO;NO;NO;NO;NO
26/01/1956;62;Sin Información;NO;NO;NO;NO;NO;NO;NO;NO;NO;NO;NO;NO
31/12/1994;24;RODSAN ASESORES DE SEGUROS;NO;NO;NO;NO;NO;SI;NO;SI;NO;NO;NO;NO
21/01/2020;-1;WILLIS TOWERS WATSON COLOMBIA CORREDORES DE SEGUROS SA;SI;NO;NO;NO;NO;SI;NO;NO;NO;NO;NO;NO
4/01/1951;68;PAEZ MORENO ASESORES DE SEGUROS LTD;NO;NO;NO;NO;NO;SI;NO;SI;NO;NO;NO;NO
12/04/1981;37;PLAZAS MOLINA PROMOTORES DE SEGUROS LTDA;NO;NO;NO;NO;NO;SI;NO;SI;NO;NO;NO;NO
8/05/1990;28;SEGUROS GENERALES SURAMERICANA S.A.;NO;NO;SI;NO;NO;NO;NO;NO;NO;NO;NO;NO
17/05/1969;49;WILLIS TOWERS WATSON COLOMBIA CORREDORES DE SEGUROS SA;NO;NO;NO;NO;NO;SI;NO;NO;NO;NO;NO;NO
6/06/1954;64;INCOLMOTOS - YAMAHA S.A.;NO;SI;NO;NO;NO;NO;NO;SI;NO;NO;NO;NO
15/09/1976;42;COLORADO CARDONA  LEIDY JOHANA;NO;NO;NO;NO;NO;NO;NO;NO;NO;NO;NO;NO
25/10/1982;36;ROMERO ARGEL  REYCI RUTH;NO;NO;SI;NO;NO;NO;NO;NO;NO;NO;NO;NO
17/10/1998;20;SEGUROS GENERALES SURAMERICANA S.A.;NO;NO;NO;NO;NO;NO;NO;NO;NO;NO;NO;NO
28/06/1975;43;TABORDA CARCAMO  FLOR VIVIANA;NO;SI;SI;NO;NO;NO;NO;NO;NO;NO;NO;NO
21/01/2020;-1;SERVICIOS FINANCIEROS S.A. SERFINANSA COMPAÑIA DE FINANCIAMIENTO;NO;NO;NO;NO;NO;SI;NO;NO;NO;NO;NO;NO
7/08/1978;40;SEGUROS GENERALES SURAMERICANA S.A.;NO;NO;SI;NO;NO;NO;NO;NO;NO;NO;NO;NO
21/01/2020;-1;SEGUROS GENERALES SURAMERICANA S.A.;NO;SI;NO;NO;NO;NO;NO;NO;NO;NO;NO;NO
4/04/1991;27;Sin Información;NO;NO;NO;NO;NO;NO;NO;NO;NO;NO;NO;NO
26/04/1975;43;SEGUROS GENERALES SURAMERICANA S.A.;NO;SI;NO;NO;NO;NO;NO;NO;NO;NO;NO;NO
2/01/1960;59;AON RISK SERVICES COLOMBIA S.A.;NO;NO;NO;NO;NO;SI;NO;NO;NO;NO;NO;NO
22/10/1988;30;HERNANDO CAICEDO Y CIA LTDA;NO;NO;NO;NO;NO;SI;NO;NO;NO;NO;NO;NO
30/06/1995;23;SEGUROS GENERALES SURAMERICANA S.A.;NO;NO;SI;NO;NO;NO;NO;NO;NO;NO;NO;NO
18/07/1972;46;AON RISK SERVICES COLOMBIA S.A.;NO;NO;NO;NO;NO;SI;NO;NO;NO;NO;NO;NO
21/01/2020;-1;COOPROSEGUROS AGENCIA DE SEGUROS LTDA;NO;NO;NO;NO;NO;NO;NO;NO;NO;NO;NO;NO
6/12/1993;25;CLARITY PROFESIONALES EN SEGUROS LTDA;NO;NO;NO;NO;NO;SI;NO;NO;NO;NO;NO;NO
19/12/1985;33;WILLIS TOWERS WATSON COLOMBIA CORREDORES DE SEGUROS SA;NO;NO;NO;NO;NO;SI;NO;NO;NO;NO;NO;NO
8/04/1991;27;SEGUROS GENERALES SURAMERICANA S.A.;NO;NO;SI;NO;NO;NO;NO;NO;NO;NO;NO;NO
6/05/1991;27;AON RISK SERVICES COLOMBIA S.A.;NO;NO;NO;NO;NO;SI;NO;NO;NO;NO;NO;NO
4/06/1966;52;AON RISK SERVICES COLOMBIA S.A.;NO;NO;NO;NO;NO;SI;NO;NO;NO;NO;NO;NO
21/01/2020;-1;DELIMA MARSH S.A. LOS CORREDORES DE SEGUROS;NO;NO;NO;NO;NO;NO;NO;NO;NO;NO;SI;NO
22/09/1972;46;ZEGURA SEGUROS E INVERSIONES LTDA.;NO;NO;NO;NO;NO;SI;NO;NO;NO;NO;NO;NO
1/12/1969;49;WILLIS TOWERS WATSON COLOMBIA CORREDORES DE SEGUROS SA;NO;NO;NO;NO;NO;SI;NO;NO;NO;NO;NO;NO
26/05/1956;62;MORENO MEZA  DIANA MERCEDES;NO;SI;NO;NO;NO;NO;NO;NO;NO;NO;NO;NO
11/01/1965;54;WILLIS TOWERS WATSON COLOMBIA CORREDORES DE SEGUROS SA;NO;NO;NO;NO;NO;SI;NO;NO;NO;NO;NO;NO
30/03/1991;27;DELIMA MARSH S.A. LOS CORREDORES DE SEGUROS;NO;NO;NO;SI;NO;NO;NO;NO;NO;NO;NO;NO
21/01/2020;-1;SEGUROS GENERALES SURAMERICANA S.A.;NO;SI;NO;NO;NO;NO;NO;NO;NO;NO;NO;NO
25/10/1952;66;AGORA AGENCIA DE SEGUROS LTDA;NO;NO;NO;SI;NO;NO;NO;NO;NO;NO;NO;NO
31/01/1964;54;SEGUROS GENERALES SURAMERICANA S.A.;NO;SI;NO;NO;NO;NO;NO;NO;NO;NO;NO;NO
5/08/1964;54;SERENTIA SEGUROS LIMITADA AGENCIA DE SEGUROS;NO;NO;NO;NO;NO;SI;NO;NO;NO;NO;NO;NO
10/08/1979;39;SERVICIOS FINANCIEROS S.A. SERFINANSA COMPAÑIA DE FINANCIAMIENTO;NO;NO;NO;NO;NO;SI;NO;NO;NO;NO;NO;NO
21/01/2020;-1;SEGUROS GENERALES SURAMERICANA S.A.;NO;NO;NO;NO;NO;NO;NO;NO;NO;NO;SI;NO
12/08/1960;58;BANCO FALABELLA S A;NO;NO;NO;NO;NO;SI;NO;NO;NO;NO;NO;NO
22/02/1985;33;SERENTIA SEGUROS LIMITADA AGENCIA DE SEGUROS;NO;NO;NO;NO;NO;SI;NO;NO;NO;NO;NO;NO
3/01/1964;55;AON RISK SERVICES COLOMBIA S.A.;NO;NO;NO;NO;NO;SI;NO;NO;NO;NO;NO;NO
21/01/2020;-1;ROJAS RAMIREZ  LUIS FERNANDO;NO;NO;NO;NO;NO;NO;NO;NO;SI;SI;NO;NO
24/04/1985;33;SANCHEZ GIRALDO  JAIME HUMBERTO;NO;NO;NO;NO;NO;NO;NO;SI;NO;NO;NO;NO
23/08/1996;22;Sin Información;NO;NO;SI;NO;NO;NO;SI;NO;NO;NO;NO;SI
21/01/2020;-1;COMERCIAL COLOMBIANA LTDA AGENCIA DE SEGUROS;NO;NO;NO;NO;NO;NO;NO;NO;NO;NO;SI;NO
9/07/2015;3;MENDOZA PEREZ  ALEJANDRO JOSE;NO;NO;NO;SI;NO;NO;NO;NO;NO;NO;NO;NO
26/02/1988;30;AON RISK SERVICES COLOMBIA S.A.;NO;NO;NO;NO;NO;SI;NO;NO;NO;NO;NO;NO
21/01/2020;-1;COMERCIAL COLOMBIANA LTDA AGENCIA DE SEGUROS;NO;NO;NO;NO;NO;NO;NO;NO;NO;NO;SI;NO
20/10/1992;26;DAZA GUTIERREZ  NATALIA;NO;NO;NO;NO;NO;SI;NO;NO;NO;NO;NO;NO
28/02/1954;64;Sin Información;NO;NO;NO;NO;NO;NO;NO;SI;NO;NO;NO;NO
31/08/2003;15;EDERY ROCA  VIVIANNE;NO;NO;NO;NO;NO;SI;NO;SI;NO;NO;NO;NO
21/01/2020;-1;WILLIS TOWERS WATSON COLOMBIA CORREDORES DE SEGUROS SA;SI;NO;NO;NO;NO;SI;NO;NO;NO;NO;NO;NO
19/02/1982;36;GAMA LTDA;NO;NO;NO;NO;NO;SI;NO;NO;NO;NO;NO;NO
27/01/1998;20;SEGUROS GENERALES SURAMERICANA S.A.;NO;NO;SI;NO;NO;NO;NO;NO;NO;NO;NO;NO
12/06/1981;37;SEGUROS GENERALES SURAMERICANA S.A.;NO;NO;SI;NO;NO;NO;NO;NO;NO;NO;NO;NO
3/08/2003;15;GRUPO COOGRANADA ASESORESEN SEGUROS LTDA;NO;NO;NO;NO;NO;NO;NO;NO;NO;NO;NO;NO
21/01/2020;-1;DIRECTA(CORPORATIVO);NO;NO;NO;NO;NO;NO;NO;NO;NO;SI;NO;NO
9/04/1970;48;DIRECTA;SI;NO;NO;NO;NO;NO;NO;NO;NO;NO;NO;NO
24/10/1959;59;ANDRADE DURAN  ALVARO JAVIER;NO;NO;NO;NO;NO;SI;NO;NO;NO;NO;NO;NO
21/01/2020;-1;MORENO GALINDO  RODRIGO;NO;NO;NO;NO;NO;NO;NO;NO;NO;NO;SI;NO
27/04/1982;36;SEGUROS GENERALES SURAMERICANA S.A.;NO;NO;SI;NO;NO;NO;NO;NO;NO;NO;NO;NO
29/03/1963;55;GRUPO COOGRANADA ASESORESEN SEGUROS LTDA;NO;NO;NO;NO;NO;SI;NO;NO;NO;NO;NO;NO
20/11/1973;45;SEGUROS GENERALES SURAMERICANA S.A.;NO;SI;NO;NO;NO;NO;NO;NO;NO;NO;NO;NO
26/11/1977;41;SEGUROS GENERALES SURAMERICANA S.A.;NO;SI;NO;NO;NO;NO;NO;NO;NO;NO;NO;NO
26/03/1981;37;SEGUROS GENERALES SURAMERICANA S.A.;NO;SI;SI;NO;NO;NO;NO;NO;NO;NO;NO;SI
27/11/1979;39;WILLIS TOWERS WATSON COLOMBIA CORREDORES DE SEGUROS SA;NO;NO;NO;NO;NO;SI;NO;NO;NO;NO;NO;NO
21/11/1947;71;Sin Información;NO;SI;NO;NO;NO;NO;NO;NO;NO;NO;NO;NO
21/01/2020;-1;CORSO LEYVA  HERNAN;NO;NO;NO;NO;NO;NO;NO;NO;NO;NO;SI;NO
20/08/1995;23;AON RISK SERVICES COLOMBIA S.A.;NO;NO;NO;SI;NO;NO;NO;NO;NO;NO;NO;NO
20/03/1997;21;VISION SEGURA Y CIA LTDA.;NO;NO;NO;NO;NO;SI;NO;NO;NO;NO;NO;NO
28/04/1992;26;SEGUROS GENERALES SURAMERICANA S.A.;NO;NO;SI;NO;NO;NO;NO;NO;NO;NO;NO;NO
11/04/1983;35;WILLIS TOWERS WATSON COLOMBIA CORREDORES DE SEGUROS SA;NO;NO;NO;NO;NO;SI;NO;NO;NO;NO;NO;NO
14/03/1981;37;SEKURITAS S A;NO;NO;NO;NO;NO;SI;NO;NO;NO;NO;NO;NO
21/01/2020;-1;DELIMA MARSH S.A. LOS CORREDORES DE SEGUROS;NO;NO;NO;NO;NO;NO;NO;NO;NO;NO;SI;NO
16/05/1987;31;SERVICIOS FINANCIEROS S.A. SERFINANSA COMPAÑIA DE FINANCIAMIENTO;NO;NO;NO;NO;NO;SI;NO;NO;NO;NO;NO;NO
21/01/2020;-1;PULIDO LOPEZ  ALEJANDRO;NO;NO;NO;NO;NO;NO;NO;NO;NO;NO;SI;NO
11/04/1987;31;SERVICIOS FINANCIEROS S.A. SERFINANSA COMPAÑIA DE FINANCIAMIENTO;NO;NO;NO;NO;NO;SI;NO;NO;NO;NO;NO;NO
20/08/1991;27;WILLIS TOWERS WATSON COLOMBIA CORREDORES DE SEGUROS SA;NO;NO;NO;NO;NO;SI;NO;NO;NO;NO;NO;NO
5/09/1964;54;SEGUROS GENERALES SURAMERICANA S.A.;NO;NO;NO;NO;NO;NO;NO;NO;NO;NO;NO;NO
1/10/1980;38;GRUPO G CONSULT ORES EN SEGUROS;NO;NO;NO;NO;NO;SI;NO;SI;NO;NO;NO;NO
10/09/1979;39;SEGUROS GENERALES SURAMERICANA S.A.;NO;SI;NO;NO;NO;NO;NO;NO;NO;NO;NO;NO
16/05/1981;37;RINCON TORRES  OFELIA;NO;NO;NO;NO;NO;SI;NO;NO;NO;NO;NO;NO
16/08/1985;33;AGENCIA DE SEGUROS ANGOPI LIMITADA;NO;NO;SI;NO;NO;NO;NO;NO;NO;NO;NO;NO
22/05/2014;4;LOGREIRA .  EDITH CONSTANZA;NO;NO;NO;NO;NO;NO;NO;NO;NO;NO;NO;NO
28/04/1976;42;DEOSSA CORREA  IVAN DARIO;NO;NO;NO;NO;NO;SI;NO;SI;NO;NO;NO;NO
21/01/2020;-1;SANTIAGO VELEZ & ASOCIADOS. CORREDORES DE SEGUROS S.A;NO;NO;NO;NO;NO;NO;NO;NO;NO;NO;SI;NO
24/08/1962;56;SERVICIOS FINANCIEROS S.A. SERFINANSA COMPAÑIA DE FINANCIAMIENTO;NO;NO;NO;NO;NO;SI;NO;NO;NO;NO;NO;NO
24/11/1963;55;AON RISK SERVICES COLOMBIA S.A.;NO;NO;NO;NO;NO;SI;NO;NO;NO;NO;NO;NO
17/08/1981;37;Sin Información;NO;NO;NO;NO;NO;SI;NO;NO;NO;NO;NO;NO
10/11/1945;73;SEGUROS CENTRALIZADOS, S.A.;SI;NO;NO;NO;NO;NO;NO;NO;NO;NO;NO;NO
7/09/1959;59;EPS Y MEDICINA PREPAGADA SURAMERICANA S.A.;NO;NO;NO;NO;NO;NO;NO;NO;NO;NO;NO;NO
16/04/2000;18;SEGUROS GENERALES SURAMERICANA S.A.;NO;NO;NO;NO;NO;SI;NO;SI;NO;NO;NO;NO
12/01/2012;7;RUEDA MORENO  GLORIA REGINA;NO;NO;NO;NO;NO;SI;NO;NO;NO;NO;NO;NO
19/05/1994;24;RUIZ APONTE  BLANCA MARINA;NO;NO;NO;NO;NO;NO;NO;SI;NO;NO;NO;NO
26/11/1970;48;Sin Información;NO;NO;SI;NO;NO;NO;NO;NO;NO;NO;NO;NO
20/07/1993;25;WILLIS TOWERS WATSON COLOMBIA CORREDORES DE SEGUROS SA;NO;NO;NO;NO;NO;SI;NO;NO;NO;NO;NO;NO
20/10/1943;75;POLISEGUROS ASESORES EN SEGUROS LTDA;NO;NO;NO;NO;SI;NO;NO;NO;NO;NO;NO;NO
24/04/1986;32;DELIMA MARSH S.A. LOS CORREDORES DE SEGUROS;NO;NO;NO;NO;NO;SI;NO;SI;NO;NO;NO;NO
30/07/1960;58;SERVICIOS FINANCIEROS S.A. SERFINANSA COMPAÑIA DE FINANCIAMIENTO;NO;NO;NO;NO;NO;SI;NO;NO;NO;NO;NO;NO
5/01/1979;40;SEGUROS GENERALES SURAMERICANA S.A.;NO;SI;NO;NO;NO;NO;NO;NO;NO;NO;NO;NO
2/12/1960;58;BANCO FALABELLA S A;NO;NO;NO;NO;NO;SI;NO;NO;NO;NO;NO;NO
18/11/1987;31;WILLIS TOWERS WATSON COLOMBIA CORREDORES DE SEGUROS SA;NO;NO;NO;NO;NO;SI;NO;NO;NO;NO;NO;NO
14/11/1989;29;SEGUROS GENERALES SURAMERICANA S.A.;NO;SI;NO;NO;NO;NO;NO;NO;NO;NO;NO;NO
11/01/1971;48;WILLIS TOWERS WATSON COLOMBIA CORREDORES DE SEGUROS SA;NO;NO;NO;NO;NO;SI;NO;NO;NO;NO;NO;NO
30/05/1982;36;Sin Información;NO;NO;NO;NO;NO;NO;NO;SI;NO;NO;NO;NO
17/03/1979;39;CONSULTORES DE SEGUROS SAILORS LTDA;NO;NO;NO;NO;NO;SI;NO;NO;NO;NO;NO;NO
28/09/1974;44;Sin Información;NO;NO;SI;NO;NO;NO;NO;NO;NO;NO;NO;NO
18/12/1978;40;WILLIS TOWERS WATSON COLOMBIA CORREDORES DE SEGUROS SA;NO;NO;NO;NO;NO;SI;NO;NO;NO;NO;NO;NO
23/03/1969;49;Sin Información;NO;NO;NO;NO;NO;NO;NO;NO;NO;NO;NO;NO
1/08/1992;26;WILLIS TOWERS WATSON COLOMBIA CORREDORES DE SEGUROS SA;NO;NO;NO;NO;NO;SI;NO;NO;NO;NO;NO;NO
16/07/1959;59;QUINTERO ASTUDILLO  NELSON;NO;NO;NO;NO;NO;NO;NO;NO;NO;NO;NO;NO
1/01/1990;29;WILLIS TOWERS WATSON COLOMBIA CORREDORES DE SEGUROS SA;NO;NO;NO;NO;NO;SI;NO;NO;NO;NO;NO;NO
22/09/1952;66;WILLIS TOWERS WATSON COLOMBIA CORREDORES DE SEGUROS SA;SI;NO;NO;NO;NO;NO;NO;NO;NO;NO;NO;NO
29/06/1992;26;SEGUROS GENERALES SURAMERICANA S.A.;NO;NO;NO;NO;NO;SI;NO;SI;NO;NO;NO;NO
20/05/1989;29;AON RISK SERVICES COLOMBIA S.A.;NO;NO;NO;NO;NO;SI;NO;NO;NO;NO;NO;NO
22/07/1968;50;SERVICIOS FINANCIEROS S.A. SERFINANSA COMPAÑIA DE FINANCIAMIENTO;NO;NO;NO;NO;NO;SI;NO;NO;NO;NO;NO;NO
13/11/1979;39;MARIO AVALO LOPEZ ASESORES EN SEGUROS Y CIA LTDA;NO;NO;NO;NO;NO;SI;NO;NO;NO;NO;NO;NO
11/03/1980;38;NEIRA GONZALEZ  JUAN CARLOS;NO;NO;NO;NO;NO;NO;NO;NO;SI;NO;NO;NO
7/07/1995;23;GUTIERREZ GAVIRIA  LILIANA MARIA;NO;NO;NO;NO;NO;SI;NO;SI;NO;NO;NO;NO
23/06/1967;51;DELIMA MARSH S.A. LOS CORREDORES DE SEGUROS;SI;NO;NO;NO;NO;NO;NO;NO;NO;NO;NO;NO
21/01/2020;-1;CARIBE MOTOR DE MEDELLIN S.A.;NO;SI;NO;NO;NO;NO;NO;NO;NO;NO;NO;NO
9/11/1994;24;JAGUAR AGENCIA DE SEGUROS LTDA;NO;SI;NO;NO;NO;NO;NO;NO;NO;NO;NO;NO
6/06/1977;41;SEGUROS GENERALES SURAMERICANA S.A.;NO;NO;SI;NO;NO;NO;NO;NO;NO;NO;NO;NO
21/01/2020;-1;CONTACTO DIRECTO ASESORES EN SEGUROS LTDA;NO;NO;NO;NO;NO;SI;NO;NO;NO;NO;NO;NO
30/08/1966;52;RESTREPO HENAO S.A. CORREDORES DE SEGUROS;NO;NO;NO;NO;NO;SI;NO;SI;NO;NO;NO;NO
22/09/1982;36;SERVICIOS FINANCIEROS S.A. SERFINANSA COMPAÑIA DE FINANCIAMIENTO;NO;NO;NO;NO;NO;SI;NO;NO;NO;NO;NO;NO
21/01/2020;-1;SEGUROS GENERALES SURAMERICANA S.A.;NO;NO;NO;NO;NO;SI;NO;NO;NO;NO;NO;NO
25/11/1983;35;WILLIS TOWERS WATSON COLOMBIA CORREDORES DE SEGUROS SA;NO;NO;NO;NO;NO;SI;NO;NO;NO;NO;NO;NO
21/01/2020;-1;COMERCIAL COLOMBIANA LTDA AGENCIA DE SEGUROS;NO;NO;NO;NO;NO;NO;NO;NO;NO;NO;NO;NO
5/08/1992;26;VILORIA FONTANILLA  ERNESTO JOSE;NO;NO;NO;NO;NO;SI;NO;NO;NO;NO;NO;NO
9/12/1970;48;AON RISK SERVICES COLOMBIA S.A.;NO;NO;NO;NO;NO;SI;NO;NO;NO;NO;NO;NO
21/10/1929;89;AON RISK SERVICES COLOMBIA S.A.;NO;NO;NO;SI;NO;NO;NO;NO;NO;NO;NO;NO
20/08/1975;43;BARROS NARANJO  VICTOR JAVIER;NO;NO;NO;NO;NO;SI;NO;SI;NO;NO;NO;NO
5/09/1963;55;SEGUROS GENERALES SURAMERICANA S.A.;NO;NO;SI;NO;NO;NO;NO;NO;NO;NO;NO;NO
10/05/1984;34;RESTREPO HENAO S.A. CORREDORES DE SEGUROS;NO;NO;NO;NO;NO;SI;NO;SI;NO;NO;NO;NO
23/12/1976;42;WILLIS TOWERS WATSON COLOMBIA CORREDORES DE SEGUROS SA;NO;NO;NO;NO;NO;SI;NO;NO;NO;NO;NO;NO
3/05/1963;55;SERVICIOS FINANCIEROS S.A. SERFINANSA COMPAÑIA DE FINANCIAMIENTO;NO;NO;NO;NO;NO;SI;NO;NO;NO;NO;NO;NO
27/06/1979;39;Sin Información;NO;NO;SI;NO;NO;NO;NO;NO;NO;NO;NO;NO
29/09/1970;48;YEPES RESTREPO  ESTEBAN;NO;NO;SI;NO;NO;NO;NO;NO;NO;NO;NO;NO
12/09/1971;47;BANCO FALABELLA S A;NO;NO;NO;NO;NO;SI;NO;NO;NO;NO;NO;NO
19/05/1968;50;WILLIS TOWERS WATSON COLOMBIA CORREDORES DE SEGUROS SA;SI;NO;NO;NO;NO;NO;NO;NO;NO;NO;NO;NO
21/11/1978;40;FRANCO SALAS  JULIAN ANDRES;NO;NO;SI;NO;NO;NO;NO;NO;NO;NO;NO;NO
18/01/2018;1;HERRERA ROMERO  BIBIANA ISABEL;NO;NO;NO;NO;NO;NO;NO;NO;NO;NO;NO;NO
13/07/1987;31;COLOMBIANA DE COMERCIO S A;NO;SI;NO;NO;NO;NO;NO;NO;NO;NO;NO;NO
12/05/1972;46;GIRALDO RESTREPO  ISABEL CRISTINA;NO;NO;NO;SI;NO;NO;NO;NO;NO;NO;NO;NO
21/09/1992;26;VISION SEGURA Y CIA LTDA.;NO;NO;NO;NO;NO;SI;NO;NO;NO;NO;NO;NO
12/05/1953;65;WILLIS TOWERS WATSON COLOMBIA CORREDORES DE SEGUROS SA;NO;NO;NO;NO;NO;SI;NO;NO;NO;NO;NO;NO
17/03/1978;40;AON RISK SERVICES COLOMBIA S.A.;NO;NO;NO;NO;NO;SI;NO;NO;NO;NO;NO;NO
21/01/2020;-1;L.R.  DUCRUET E HIJOS, S.A.;SI;NO;NO;NO;NO;NO;NO;NO;NO;NO;NO;NO
27/08/1971;47;WILLIS TOWERS WATSON COLOMBIA CORREDORES DE SEGUROS SA;NO;NO;NO;NO;NO;SI;NO;NO;NO;NO;NO;NO
21/01/2020;-1;GOMEZ ZULUAGA  LUIS ALBERTO;NO;NO;NO;NO;NO;NO;NO;NO;NO;NO;SI;NO
15/01/1965;54;Sin Información;NO;NO;SI;NO;NO;NO;NO;NO;NO;NO;NO;NO
21/01/2020;-1;WILLIS TOWERS WATSON COLOMBIA CORREDORES DE SEGUROS SA;SI;NO;NO;NO;NO;SI;NO;NO;NO;NO;NO;NO
26/08/1975;43;D6 SEGUROS LIMITADA;SI;NO;NO;NO;NO;NO;NO;NO;NO;NO;NO;NO
21/01/2020;-1;AON RISK SERVICES COLOMBIA S.A.;NO;NO;NO;NO;NO;SI;NO;NO;NO;NO;NO;NO
21/01/2020;-1;ALVAREZ DE CALLEJAS  GLORIA LILIA;NO;NO;NO;NO;NO;NO;NO;NO;NO;NO;SI;NO
15/08/1958;60;JARAMILLO PARRA  MARIA CLEMENCIA;NO;NO;NO;NO;NO;NO;NO;NO;NO;NO;NO;NO
26/01/1962;56;WILLIS TOWERS WATSON COLOMBIA CORREDORES DE SEGUROS SA;NO;NO;NO;NO;NO;SI;NO;NO;NO;NO;NO;NO
11/06/1986;32;ACOSTA GUETO  CARLOS ENRIQUE;NO;SI;NO;NO;NO;NO;NO;NO;NO;NO;NO;NO
6/03/1993;25;WILLIS TOWERS WATSON COLOMBIA CORREDORES DE SEGUROS SA;NO;NO;NO;NO;NO;SI;NO;NO;NO;NO;NO;NO
5/06/1985;33;ABRIL RIESGOS Y SEGUROS LIMIT;NO;NO;NO;NO;NO;SI;NO;NO;NO;NO;NO;NO
8/12/1972;46;URIBE SALAZAR  PABLO;SI;SI;NO;SI;NO;NO;NO;NO;NO;NO;NO;NO
31/08/1985;33;BANCO FALABELLA S A;NO;NO;NO;NO;NO;SI;NO;NO;NO;NO;NO;NO
8/08/1976;42;GUZMAN DURANGO  ALVARO LUIS;SI;NO;NO;NO;NO;NO;NO;NO;NO;NO;NO;NO
10/07/1954;64;WILLIS TOWERS WATSON COLOMBIA CORREDORES DE SEGUROS SA;SI;NO;NO;NO;NO;SI;NO;NO;NO;NO;NO;NO
21/01/2020;-1;INSURANCE SOLUTIONS,S.A;SI;NO;NO;NO;NO;NO;NO;NO;NO;NO;NO;NO
21/01/2020;-1;COMERCIAL COLOMBIANA LTDA AGENCIA DE SEGUROS;NO;NO;NO;NO;NO;NO;NO;NO;NO;NO;SI;NO
21/01/2020;-1;SERVICIOS FINANCIEROS S.A. SERFINANSA COMPAÑIA DE FINANCIAMIENTO;NO;NO;NO;NO;NO;SI;NO;NO;NO;NO;NO;NO
26/12/1978;40;FLOREZ RINCON  LUZ MARINA;NO;NO;NO;NO;NO;SI;NO;NO;NO;NO;NO;NO
15/10/1998;20;GRUPO COOGRANADA ASESORESEN SEGUROS LTDA;NO;NO;NO;NO;NO;SI;NO;NO;NO;NO;NO;NO
29/03/1990;28;SERVICIOS FINANCIEROS S.A. SERFINANSA COMPAÑIA DE FINANCIAMIENTO;NO;NO;NO;NO;NO;SI;NO;NO;NO;NO;NO;NO
15/10/1993;25;CARVAJAL VALENCIA  BLANCA DORIS;NO;NO;NO;NO;NO;NO;SI;NO;NO;NO;NO;NO
6/09/1964;54;SEGUROS GENERALES SURAMERICANA S.A.;NO;SI;SI;NO;NO;NO;NO;NO;NO;NO;NO;NO
4/08/1969;49;SEGUROS GENERALES SURAMERICANA S.A.;NO;NO;SI;NO;NO;NO;NO;NO;NO;NO;NO;NO
12/05/1983;35;AON RISK SERVICES COLOMBIA S.A.;NO;NO;NO;NO;NO;SI;NO;NO;NO;NO;NO;NO
9/08/2001;17;SEKURITAS S A;NO;NO;NO;NO;NO;NO;NO;NO;NO;NO;NO;NO
1/09/1981;37;NAVARRO ALVAREZ  SAMUEL;SI;NO;NO;NO;NO;NO;NO;NO;NO;NO;NO;NO
5/09/1970;48;WILLIS TOWERS WATSON COLOMBIA CORREDORES DE SEGUROS SA;NO;NO;NO;NO;NO;SI;NO;NO;NO;NO;NO;NO
21/01/2020;-1;SEGUROS GENERALES SURAMERICANA S.A.;NO;NO;NO;NO;NO;NO;NO;NO;NO;SI;NO;NO
21/06/1962;56;COMERCIAL COLOMBIANA LTDA AGENCIA DE SEGUROS;SI;NO;NO;NO;NO;NO;NO;NO;NO;NO;NO;NO
26/07/1984;34;WILLIS TOWERS WATSON COLOMBIA CORREDORES DE SEGUROS SA;SI;NO;NO;NO;NO;NO;NO;NO;NO;NO;NO;NO
12/11/1993;25;SEGUROS GENERALES SURAMERICANA S.A.;NO;NO;NO;NO;NO;NO;NO;NO;NO;NO;NO;NO
1/01/1990;29;Sin Información;NO;NO;NO;NO;NO;NO;NO;SI;NO;NO;NO;NO
17/09/1980;38;Sin Información;NO;NO;NO;NO;NO;NO;NO;SI;NO;NO;NO;NO
29/01/1982;36;MARCHA SEGUROS, S.A.;SI;NO;NO;NO;NO;NO;NO;NO;NO;NO;NO;NO
6/07/1979;39;SEGUROS GENERALES SURAMERICANA S.A.;NO;SI;NO;NO;NO;NO;NO;NO;NO;NO;NO;NO
20/08/1972;46;DELIMA MARSH S.A. LOS CORREDORES DE SEGUROS;SI;SI;NO;NO;NO;SI;NO;NO;NO;NO;NO;NO
3/10/1977;41;WILLIS TOWERS WATSON COLOMBIA CORREDORES DE SEGUROS SA;NO;NO;NO;NO;NO;SI;NO;NO;NO;NO;NO;NO
21/01/2020;-1;COMERCIAL COLOMBIANA LTDA AGENCIA DE SEGUROS;NO;NO;NO;NO;NO;NO;NO;NO;NO;NO;NO;NO
7/12/1970;48;OPCISEGUROS Y CIA LTDA;NO;NO;NO;NO;NO;NO;NO;NO;NO;NO;NO;NO
21/01/2020;-1;ARTHUR J GALLAGHER CORREDORES DE SEGUROS SA;NO;NO;NO;NO;NO;NO;NO;NO;NO;SI;NO;NO
8/09/1981;37;GARCIA GIRALDO  JUAN PABLO;NO;NO;NO;NO;NO;NO;NO;NO;NO;NO;NO;NO
21/01/2020;-1;SERVICIOS FINANCIEROS S.A. SERFINANSA COMPAÑIA DE FINANCIAMIENTO;NO;NO;NO;NO;NO;SI;NO;NO;NO;NO;NO;NO
1/01/1985;34;AGENTE4999        ;NO;SI;NO;NO;NO;NO;NO;NO;NO;NO;NO;NO
21/01/2020;-1;VIVESEGURO LTDA. AGENCIA DE SEGUROS;NO;SI;NO;NO;NO;NO;NO;NO;NO;NO;NO;NO
21/01/2020;-1;JARAMILLO AGUILAR  VICTOR DE JESUS;NO;NO;NO;NO;NO;NO;NO;NO;NO;NO;NO;NO
24/12/1991;27;NOVOA ARGUELLO  MAURICIO;NO;NO;NO;NO;NO;SI;NO;NO;NO;NO;NO;NO
21/01/2020;-1;AON RISK SERVICES COLOMBIA S.A.;NO;NO;NO;NO;NO;SI;NO;NO;NO;NO;NO;NO
21/01/2020;-1;WILLIS TOWERS WATSON COLOMBIA CORREDORES DE SEGUROS SA;SI;NO;NO;NO;NO;SI;NO;NO;NO;NO;NO;NO
15/03/1983;35;MONTOYA OSORIO  CATALINA MARIA;NO;NO;NO;NO;NO;SI;NO;NO;NO;NO;NO;NO
21/01/2020;-1;TORRES AVILA  WILLIAM;NO;NO;NO;NO;NO;NO;NO;NO;NO;NO;SI;NO
21/01/2020;-1;SEGUROS GENERALES SURAMERICANA S.A.;NO;SI;NO;NO;NO;NO;NO;NO;NO;NO;NO;NO
24/03/1978;40;DIAZ PELAEZ  SANDRA HELENA;NO;NO;NO;NO;NO;SI;NO;NO;NO;NO;NO;NO
8/10/1944;74;WILLIS TOWERS WATSON COLOMBIA CORREDORES DE SEGUROS SA;NO;NO;NO;NO;NO;SI;NO;NO;NO;NO;NO;NO
7/11/1963;55;WILLIS TOWERS WATSON COLOMBIA CORREDORES DE SEGUROS SA;NO;NO;NO;NO;NO;SI;NO;NO;NO;NO;NO;NO
22/09/1960;58;WILLIS TOWERS WATSON COLOMBIA CORREDORES DE SEGUROS SA;NO;NO;NO;NO;NO;SI;NO;NO;NO;NO;NO;NO
21/03/1968;50;SEGUROS GENERALES SURAMERICANA S.A.;NO;NO;SI;NO;NO;NO;NO;NO;NO;NO;NO;NO
2/01/1955;64;AON RISK SERVICES COLOMBIA S.A.;NO;NO;NO;NO;NO;SI;NO;NO;NO;NO;NO;NO
18/12/1968;50;Sin Información;NO;NO;SI;NO;NO;NO;NO;NO;NO;NO;NO;NO
23/06/2013;5;A&S ASESORES DE SEGUROS LTDA;NO;NO;NO;NO;NO;NO;SI;NO;NO;NO;NO;NO
3/08/1985;33;SEGUROS GENERALES SURAMERICANA S.A.;NO;NO;SI;NO;NO;NO;NO;NO;NO;NO;NO;SI
9/01/1972;47;SEPULVEDA DE GARCES  MARY;NO;SI;NO;NO;NO;NO;NO;NO;NO;NO;NO;NO
7/01/1956;63;SEGUROS GENERALES SURAMERICANA S.A.;NO;SI;NO;NO;NO;NO;NO;NO;NO;NO;NO;NO
13/11/1997;21;SEGUROS GENERALES SURAMERICANA S.A.;NO;SI;NO;NO;NO;NO;NO;NO;NO;NO;NO;NO
26/11/1945;73;CUELLAR STEINMANN  RODOLFO ENRIQUE;SI;NO;NO;NO;NO;NO;NO;NO;NO;NO;NO;NO
2/11/1959;59;AON RISK SERVICES COLOMBIA S.A.;NO;NO;NO;NO;NO;SI;NO;NO;NO;NO;NO;NO
8/09/1973;45;WILLIS TOWERS WATSON COLOMBIA CORREDORES DE SEGUROS SA;NO;NO;NO;NO;NO;SI;NO;NO;NO;NO;NO;NO
21/01/2020;-1;SEGUROS GENERALES SURAMERICANA S.A.;NO;NO;NO;NO;NO;NO;NO;NO;NO;SI;NO;NO
28/07/1979;39;AGENTE4999        ;NO;NO;NO;NO;NO;NO;NO;NO;NO;NO;NO;NO
14/01/1967;52;ARREDONDO LOPEZ  DIANA MARIA;NO;NO;NO;NO;NO;SI;NO;SI;NO;NO;NO;NO
9/06/1958;60;DELIMA MARSH S.A. LOS CORREDORES DE SEGUROS;NO;NO;NO;SI;NO;NO;NO;NO;NO;NO;NO;NO
24/12/1957;61;AGENCIA PROFESIONAL DE SEGUROS MILENIO;SI;NO;NO;NO;NO;NO;NO;NO;NO;NO;NO;NO
11/09/1973;45;SEGUROS GENERALES SURAMERICANA S.A.;NO;NO;NO;NO;NO;NO;NO;NO;NO;NO;NO;NO
19/01/1979;40;SEGUROS GENERALES SURAMERICANA S.A.;NO;NO;SI;NO;NO;NO;NO;NO;NO;NO;NO;NO
21/01/2020;-1;COMERCIAL COLOMBIANA LTDA AGENCIA DE SEGUROS;NO;NO;NO;NO;NO;NO;NO;NO;NO;NO;SI;NO
14/06/1996;22;PACHECO ROJAS  YUCY CATALINA;NO;NO;NO;NO;NO;SI;NO;NO;NO;NO;NO;NO
6/09/1988;30;VALENCIA VALENCIA  JUAN PABLO;NO;NO;NO;NO;NO;SI;NO;NO;NO;NO;NO;NO
8/09/1969;49;DAVID COHEN Y CIA LTDA;NO;NO;NO;NO;NO;SI;NO;SI;NO;NO;NO;NO
13/07/1996;22;WILLIS TOWERS WATSON COLOMBIA CORREDORES DE SEGUROS SA;NO;NO;NO;NO;NO;NO;NO;NO;NO;NO;NO;NO
9/02/1977;41;ASINSEG LTDA ASESORES INTEGRALES DE SEGUROS;NO;NO;NO;NO;NO;SI;NO;SI;NO;NO;NO;NO
5/01/1974;45;SEGUROS GENERALES SURAMERICANA S.A.;NO;SI;NO;NO;NO;NO;NO;NO;NO;NO;NO;NO
21/01/2020;-1;SEGUROS GENERALES SURAMERICANA S.A.;NO;NO;NO;NO;NO;NO;NO;NO;NO;NO;SI;NO
26/01/1987;31;AKUO AGENCIA DE SEGUROS LIMITADA;NO;NO;NO;NO;NO;SI;NO;SI;NO;NO;NO;NO
15/08/1989;29;DELIMA MARSH S.A. LOS CORREDORES DE SEGUROS;NO;NO;NO;NO;NO;SI;NO;SI;NO;NO;NO;NO
21/01/2020;-1;SEGUROS GENERALES SURAMERICANA S.A.;NO;SI;NO;NO;NO;NO;NO;NO;NO;NO;NO;NO
1/01/1980;39;SEGUROS GENERALES SURAMERICANA S.A.;NO;NO;NO;NO;NO;NO;NO;NO;NO;NO;NO;SI
23/07/1969;49;PIEDAD BOTERO Y CIA LIMITADA;NO;NO;NO;SI;NO;NO;NO;NO;NO;NO;NO;NO
10/07/1989;29;SEGUROS GENERALES SURAMERICANA S.A.;NO;SI;SI;NO;NO;NO;NO;NO;NO;NO;NO;NO
1/10/1993;25;WILLIS TOWERS WATSON COLOMBIA CORREDORES DE SEGUROS SA;NO;NO;NO;NO;NO;SI;NO;NO;NO;NO;NO;NO
31/12/1968;50;PEÑA GALLEGO  ANGELA MARIA;NO;NO;NO;NO;NO;SI;NO;SI;NO;NO;NO;NO
21/08/1969;49;AON RISK SERVICES COLOMBIA S.A.;SI;NO;NO;NO;NO;NO;NO;NO;NO;NO;NO;NO
21/01/2020;-1;SU MAXIMA ASESORIA EN SEGUROS LTDA;NO;NO;NO;NO;NO;NO;NO;NO;SI;NO;NO;NO
8/06/1987;31;SEGUROS GENERALES SURAMERICANA S.A.;NO;NO;SI;NO;NO;NO;NO;NO;NO;NO;NO;NO
24/01/1990;28;SEGUROS GENERALES SURAMERICANA S.A.;NO;NO;SI;NO;NO;NO;NO;NO;NO;NO;NO;NO
12/03/1967;51;AGENCIAS  MADRID, S.A.;SI;NO;NO;NO;NO;NO;NO;NO;NO;NO;NO;NO
2/06/1968;50;SEGUROS GENERALES SURAMERICANA S.A.;NO;NO;NO;NO;NO;NO;NO;NO;NO;NO;NO;NO
30/01/1986;32;WILLIS TOWERS WATSON COLOMBIA CORREDORES DE SEGUROS SA;SI;NO;NO;NO;NO;NO;NO;NO;NO;NO;NO;NO
14/10/2003;15;MONCADA ESCORCIA  ANGELA MARIA;NO;NO;NO;NO;NO;NO;NO;NO;NO;NO;NO;NO
31/05/1986;32;SERVICIOS FINANCIEROS S.A. SERFINANSA COMPAÑIA DE FINANCIAMIENTO;NO;NO;NO;NO;NO;SI;NO;NO;NO;NO;NO;NO
14/04/1985;33;Sin Información;NO;NO;NO;NO;NO;NO;NO;SI;NO;NO;NO;NO
13/04/1956;62;SEGUROS GENERALES SURAMERICANA S.A.;NO;NO;NO;NO;NO;NO;NO;NO;NO;NO;NO;NO
30/09/1957;61;SERVICIOS FINANCIEROS S.A. SERFINANSA COMPAÑIA DE FINANCIAMIENTO;NO;NO;NO;NO;NO;SI;NO;NO;NO;NO;NO;NO
9/03/1980;38;GOMEZ MONTES Y CIA LTDA ASESORES DE SEGUROS;NO;NO;NO;NO;NO;SI;NO;SI;NO;NO;NO;NO
22/11/1974;44;WILLIS TOWERS WATSON COLOMBIA CORREDORES DE SEGUROS SA;NO;NO;NO;NO;NO;SI;NO;NO;NO;NO;NO;NO
21/01/2020;-1;COMERCIAL COLOMBIANA LTDA AGENCIA DE SEGUROS;NO;NO;NO;NO;NO;NO;NO;NO;NO;NO;SI;NO
11/06/1971;47;ITAU CORREDOR DE SEGUROS COLOMBIA S.A;NO;NO;NO;NO;NO;SI;NO;SI;NO;NO;NO;NO
3/08/1963;55;ESLAVA GARCES  MARIO;NO;NO;SI;NO;NO;NO;NO;NO;NO;NO;NO;NO
14/03/1983;35;BANCO FALABELLA S A;NO;NO;NO;NO;NO;SI;NO;NO;NO;NO;NO;NO
10/05/1983;35;DELIMA MARSH S.A. LOS CORREDORES DE SEGUROS;NO;NO;NO;NO;NO;SI;NO;SI;NO;NO;NO;NO
21/12/1984;34;ITAU CORREDOR DE SEGUROS COLOMBIA S.A;SI;SI;NO;NO;NO;NO;NO;NO;NO;NO;NO;NO
8/12/1991;27;SEGUROS GENERALES SURAMERICANA S.A.;NO;NO;NO;NO;NO;NO;NO;NO;NO;NO;NO;NO
10/12/1990;28;SEGUROS GENERALES SURAMERICANA S.A.;NO;NO;SI;NO;NO;NO;NO;NO;NO;NO;NO;NO
21/01/2020;-1;TORRES SIABATTO  JUAN JOSE;NO;NO;NO;NO;NO;NO;NO;NO;NO;NO;SI;NO
17/05/1995;23;SEGUROS GENERALES SURAMERICANA S.A.;NO;NO;SI;NO;NO;NO;NO;NO;NO;NO;NO;NO
18/04/1958;60;J. HUMBERTO GOMEZ Y CIA. LTDA. ASESORES EN SEGUROS;SI;NO;NO;NO;NO;NO;NO;NO;NO;NO;NO;NO
21/01/2020;-1;ORFEO ASESORES DE SEGUROS CIA.;NO;NO;NO;NO;NO;NO;NO;NO;NO;NO;SI;NO
23/10/1990;28;SEGUROS GENERALES SURAMERICANA S.A.;NO;NO;NO;NO;NO;SI;NO;SI;NO;NO;NO;NO
17/01/1990;29;SEGUROS GENERALES SURAMERICANA S.A.;NO;SI;NO;NO;NO;NO;NO;SI;NO;NO;NO;NO
21/01/2020;-1;SEGUROS GENERALES SURAMERICANA S.A.;NO;SI;NO;NO;NO;NO;NO;NO;NO;NO;NO;NO
22/05/1950;68;RESTREPO HENAO S.A. CORREDORES DE SEGUROS;NO;NO;NO;NO;NO;SI;NO;SI;NO;NO;NO;NO
9/06/1976;42;SEGUROS GENERALES SURAMERICANA S.A.;NO;NO;SI;NO;NO;NO;NO;NO;NO;NO;NO;NO
9/04/1965;53;SERVICIOS FINANCIEROS S.A. SERFINANSA COMPAÑIA DE FINANCIAMIENTO;NO;NO;NO;NO;NO;SI;NO;NO;NO;NO;NO;NO
3/03/1991;27;SEGUROS GENERALES SURAMERICANA S.A.;NO;NO;NO;NO;NO;SI;NO;NO;NO;NO;NO;NO
3/06/1968;50;WILLIS TOWERS WATSON COLOMBIA CORREDORES DE SEGUROS SA;NO;NO;NO;NO;NO;SI;NO;NO;NO;NO;NO;NO
28/02/1972;46;AKUO AGENCIA DE SEGUROS LIMITADA;NO;NO;NO;NO;NO;SI;NO;SI;NO;NO;NO;NO
28/10/1993;25;WILLIS TOWERS WATSON COLOMBIA CORREDORES DE SEGUROS SA;SI;NO;NO;NO;NO;NO;NO;NO;NO;NO;NO;NO
21/01/2020;-1;SEGUROS GENERALES SURAMERICANA S.A.;NO;SI;NO;NO;NO;NO;NO;NO;NO;NO;NO;NO
21/01/2020;-1;COMERCIAL COLOMBIANA LTDA AGENCIA DE SEGUROS;NO;NO;NO;NO;NO;NO;NO;NO;NO;NO;SI;NO
21/01/1961;58;BANCO FALABELLA S A;NO;NO;NO;NO;NO;SI;NO;NO;NO;NO;NO;NO
21/06/1990;28;WILLIS TOWERS WATSON COLOMBIA CORREDORES DE SEGUROS SA;NO;NO;NO;NO;NO;SI;NO;NO;NO;NO;NO;NO
21/01/2020;-1;AGENCIA DE SEGUROS MCALLISTER;NO;NO;NO;NO;NO;NO;NO;NO;NO;NO;SI;NO
17/04/1965;53;BANCO FALABELLA S A;NO;NO;NO;NO;NO;SI;NO;NO;NO;NO;NO;NO
14/06/1984;34;ARTHUR J GALLAGHER CORREDORES DE SEGUROS SA;SI;NO;NO;NO;NO;NO;NO;NO;NO;NO;NO;NO
24/08/1983;35;SERVICIOS FINANCIEROS S.A. SERFINANSA COMPAÑIA DE FINANCIAMIENTO;NO;NO;NO;NO;NO;SI;NO;NO;NO;NO;NO;NO
2/03/1990;28;LIBIA VASQUEZ Y CIA LTDA ASESORES DE SEGUROS;NO;NO;NO;NO;NO;SI;NO;SI;NO;NO;NO;NO
6/12/1981;37;SEGUROS GENERALES SURAMERICANA S.A.;NO;NO;SI;NO;NO;NO;NO;NO;NO;NO;NO;NO
3/04/1975;43;AON RISK SERVICES COLOMBIA S.A.;NO;NO;NO;NO;NO;SI;NO;NO;NO;NO;NO;NO
21/01/2020;-1;SERVICIOS FINANCIEROS S.A. SERFINANSA COMPAÑIA DE FINANCIAMIENTO;NO;NO;NO;NO;NO;SI;NO;NO;NO;NO;NO;NO
21/01/2020;-1;MEDINA ESCOBAR  MARITZA;NO;NO;NO;NO;NO;NO;NO;NO;NO;NO;SI;NO
8/11/1948;70;BANCO FALABELLA S A;NO;NO;NO;NO;NO;SI;NO;NO;NO;NO;NO;NO
21/12/1990;28;WILLIS TOWERS WATSON COLOMBIA CORREDORES DE SEGUROS SA;NO;NO;NO;NO;NO;SI;NO;NO;NO;NO;NO;NO
15/10/1960;58;BANCO FALABELLA S A;NO;NO;NO;NO;NO;SI;NO;NO;NO;NO;NO;NO
2/11/1997;21;SEGUROS GENERALES SURAMERICANA S.A.;NO;SI;NO;NO;NO;NO;NO;NO;NO;NO;NO;NO
18/01/1969;50;WILLIS TOWERS WATSON COLOMBIA CORREDORES DE SEGUROS SA;NO;NO;NO;NO;NO;SI;NO;NO;NO;NO;NO;NO
29/12/1940;78;DELIMA MARSH S.A. LOS CORREDORES DE SEGUROS;NO;NO;NO;NO;NO;SI;NO;SI;NO;NO;NO;SI
2/04/1952;66;SEGUROS GENERALES SURAMERICANA S.A.;NO;NO;NO;NO;NO;NO;NO;NO;NO;NO;NO;SI
19/03/1957;61;AON RISK SERVICES COLOMBIA S.A.;NO;NO;NO;NO;NO;SI;NO;NO;NO;NO;NO;NO
18/06/1949;69;WILLIS TOWERS WATSON COLOMBIA CORREDORES DE SEGUROS SA;NO;NO;NO;NO;NO;SI;NO;NO;NO;NO;NO;NO
9/06/1998;20;ARANA QUIÑONES  CLAUDIA STELLA;NO;NO;NO;NO;NO;NO;NO;NO;NO;NO;NO;NO
23/06/1976;42;L.R.  DUCRUET E HIJOS, S.A.;SI;NO;NO;NO;NO;NO;NO;NO;NO;NO;NO;NO
4/06/1969;49;SEGUROS GENERALES SURAMERICANA S.A.;NO;SI;NO;NO;NO;NO;NO;NO;NO;NO;NO;NO
21/07/1972;46;SEGUROS GENERALES SURAMERICANA S.A.;NO;NO;NO;NO;NO;NO;NO;NO;NO;NO;NO;NO
10/04/1994;24;SEGUROS GENERALES SURAMERICANA S.A.;NO;SI;NO;NO;NO;NO;NO;NO;NO;NO;NO;NO
21/01/2020;-1;SEGUROS CENTRALIZAD OS, S.A.(AGUADULCE);SI;NO;NO;NO;NO;NO;NO;NO;NO;NO;NO;NO
21/01/2020;-1;SEGUROS GENERALES SURAMERICANA S.A.;NO;SI;NO;NO;NO;NO;NO;NO;NO;NO;NO;NO
26/04/2010;8;MESA RUEDA  DIANA CAROLINA;NO;NO;NO;NO;NO;SI;NO;NO;NO;NO;NO;NO
27/02/1968;50;SEGUROS GENERALES SURAMERICANA S.A.;NO;NO;SI;NO;NO;NO;NO;NO;NO;NO;NO;NO
31/08/1993;25;SEGUROS GENERALES SURAMERICANA S.A.;NO;NO;NO;NO;NO;NO;NO;NO;NO;NO;NO;NO
4/03/1959;59;SEGUROS GENERALES SURAMERICANA S.A.;NO;NO;NO;NO;NO;NO;NO;NO;NO;NO;NO;NO
21/01/2020;-1;COMERCIAL COLOMBIANA LTDA AGENCIA DE SEGUROS;NO;NO;NO;NO;NO;NO;NO;NO;NO;NO;SI;NO
22/09/1986;32;SEGUROS GENERALES SURAMERICANA S.A.;NO;NO;NO;NO;NO;SI;NO;SI;NO;NO;NO;NO
12/06/1939;79;SERVICIOS FINANCIEROS S.A. SERFINANSA COMPAÑIA DE FINANCIAMIENTO;NO;NO;NO;NO;NO;SI;NO;NO;NO;NO;NO;NO
25/01/1977;41;HENAO HENAO  WILLIAM ENRIQUE;SI;SI;SI;NO;NO;NO;NO;NO;NO;SI;NO;NO
26/11/1973;45;VITALIZIA SEGUROS Y CIA;NO;NO;SI;NO;NO;NO;NO;NO;NO;NO;NO;NO
21/01/2020;-1;MOTA VELASQUEZ  RICARDO ARTURO;NO;NO;NO;NO;NO;NO;NO;NO;NO;NO;SI;NO
17/03/1972;46;AON RISK SERVICES COLOMBIA S.A.;NO;NO;NO;NO;NO;SI;NO;NO;NO;NO;NO;NO
10/10/1942;76;ALVAREZ BOTERO  DARIO;NO;SI;NO;NO;NO;NO;NO;NO;NO;NO;NO;NO
26/02/1968;50;SEGUROS GENERALES SURAMERICANA S.A.;NO;NO;SI;NO;NO;NO;NO;NO;NO;NO;NO;NO
19/08/1977;41;GOMEZ URIBE  JAIME;NO;NO;NO;NO;NO;SI;NO;SI;NO;NO;NO;NO
4/05/1973;45;SEGUROS GENERALES SURAMERICANA S.A.;NO;SI;NO;NO;NO;NO;NO;NO;NO;NO;NO;NO
29/06/1993;25;SEGUROS GENERALES SURAMERICANA S.A.;NO;NO;SI;NO;NO;NO;NO;NO;NO;NO;NO;NO
31/10/1972;46;LUGO M Y ASOCIADOS Y CIA LTDA;NO;SI;NO;NO;NO;NO;NO;NO;NO;NO;NO;NO
21/01/2020;-1;COMERCIAL COLOMBIANA LTDA AGENCIA DE SEGUROS;NO;NO;NO;NO;NO;NO;NO;NO;NO;NO;SI;NO
12/11/1970;48;PEREZ PULIDO  CARLOS ALBERTO;NO;NO;NO;NO;NO;SI;NO;NO;NO;NO;NO;NO
27/05/1988;30;BANCO FALABELLA S A;NO;NO;NO;NO;NO;SI;NO;NO;NO;NO;NO;NO
4/03/1967;51;PEREZ PULIDO  CARLOS ALBERTO;NO;NO;NO;NO;NO;SI;NO;NO;NO;NO;NO;NO
7/04/1960;58;AON RISK SERVICES COLOMBIA S.A.;NO;NO;NO;NO;NO;SI;NO;NO;NO;NO;NO;NO
29/07/2018;0;A P LIMITADA ASESORES DE SEGUROS;NO;NO;NO;SI;NO;NO;NO;NO;NO;NO;NO;NO
21/04/1965;53;CONTACTO DIRECTO ASESORES EN SEGUROS LTDA;NO;NO;NO;NO;NO;SI;NO;NO;NO;NO;NO;NO
15/04/1964;54;PEREZ BEDOYA  DEISY CRISTINA;NO;NO;NO;NO;NO;NO;NO;SI;NO;NO;NO;NO
27/03/2009;9;ARBELAEZ OCHOA  ERIKA PATRICIA;NO;NO;NO;NO;NO;NO;NO;NO;NO;NO;NO;NO
21/01/2020;-1;COMERCIAL COLOMBIANA LTDA AGENCIA DE SEGUROS;NO;NO;NO;NO;NO;NO;NO;NO;NO;NO;SI;NO
24/08/1981;37;SEGUROS GENERALES SURAMERICANA S.A.;NO;SI;NO;NO;NO;NO;NO;NO;NO;NO;NO;NO
12/10/1986;32;SEGUROS GENERALES SURAMERICANA S.A.;NO;NO;SI;NO;NO;NO;NO;NO;NO;NO;NO;NO
21/05/1990;28;WILLIS TOWERS WATSON COLOMBIA CORREDORES DE SEGUROS SA;SI;NO;NO;NO;NO;SI;NO;NO;NO;NO;NO;NO
14/01/1961;58;BANCOLOMBIA S.A.;NO;SI;NO;NO;NO;NO;NO;NO;NO;NO;NO;NO
27/06/1980;38;SEGUROS GENERALES SURAMERICANA S.A.;NO;SI;NO;NO;NO;NO;NO;NO;NO;NO;NO;NO
15/12/1960;58;WILLIS TOWERS WATSON COLOMBIA CORREDORES DE SEGUROS SA;NO;NO;NO;NO;NO;SI;NO;NO;NO;NO;NO;NO
5/05/1962;56;JARDINE LLOYD THOMPSON VALENCIA & IRAGORRI CORREDORES DE SEGUROS S.A.;NO;NO;NO;NO;NO;NO;NO;NO;NO;SI;NO;NO
9/12/1997;21;SEGUROS GENERALES SURAMERICANA S.A.;NO;NO;NO;NO;NO;NO;NO;NO;NO;NO;NO;NO
20/05/1985;33;WILLIS TOWERS WATSON COLOMBIA CORREDORES DE SEGUROS SA;SI;NO;NO;NO;NO;SI;NO;NO;NO;NO;NO;NO
23/06/1963;55;BANCO FALABELLA S A;NO;NO;NO;NO;NO;SI;NO;NO;NO;NO;NO;NO
21/01/2020;-1;RIVERA SALGADO  JHON GILBER;NO;NO;NO;NO;NO;NO;NO;NO;SI;NO;NO;NO
21/01/2020;-1;DAVIDSON & CIA LTDA ASESORES DE SEGUROS;NO;NO;NO;NO;NO;NO;NO;NO;NO;NO;SI;NO
1/07/1972;46;SERVICIOS FINANCIEROS S.A. SERFINANSA COMPAÑIA DE FINANCIAMIENTO;NO;NO;NO;NO;NO;SI;NO;NO;NO;NO;NO;NO
21/01/2020;-1;CABRERA GONZALEZ  MONICA PATRICIA;NO;NO;NO;NO;NO;NO;NO;NO;NO;NO;SI;NO
21/01/2020;-1;SEGUROS GENERALES SURAMERICANA S.A.;NO;NO;NO;NO;NO;NO;NO;NO;NO;NO;NO;NO
10/12/1971;47;LOPEZ MONSALVE  ANGELICA MARIA;NO;NO;NO;NO;NO;SI;NO;NO;NO;NO;NO;NO
6/05/1941;77;JC FONTALVO ASESORES LTDA;NO;NO;NO;NO;SI;NO;NO;NO;NO;NO;NO;NO
1/04/1997;21;SEGUROS GENERALES SURAMERICANA S.A.;NO;NO;SI;NO;NO;NO;NO;NO;NO;NO;NO;NO
28/04/1970;48;CONTACTO DIRECTO ASESORES EN SEGUROS LTDA;NO;NO;NO;NO;NO;SI;NO;NO;NO;NO;NO;NO
7/10/1966;52;WILLIS TOWERS WATSON COLOMBIA CORREDORES DE SEGUROS SA;NO;NO;NO;NO;NO;SI;NO;NO;NO;NO;NO;NO
25/01/1968;50;AON RISK SERVICES COLOMBIA S.A.;NO;NO;NO;NO;NO;SI;NO;NO;NO;NO;NO;NO
21/01/2020;-1;HOLLMAN GONZALEZ  GEORGINA ISABEL;NO;NO;NO;NO;NO;NO;NO;NO;NO;NO;SI;NO
28/09/1942;76;Sin Información;NO;NO;NO;NO;NO;NO;NO;SI;NO;NO;NO;NO
25/11/1981;37;WILLIS TOWERS WATSON COLOMBIA CORREDORES DE SEGUROS SA;NO;NO;NO;NO;NO;SI;NO;NO;NO;NO;NO;NO
8/07/1964;54;SEGUROS GENERALES SURAMERICANA S.A.;NO;NO;SI;NO;NO;NO;NO;NO;NO;NO;NO;SI
15/10/2009;9;ALIANZA SENIOR CONSULTORES DE SEGUROS LTDA;NO;NO;NO;SI;NO;NO;NO;NO;NO;NO;NO;NO
20/05/1963;55;GALLEGO MEJIA  MARTHA LUCIA;NO;NO;NO;NO;NO;SI;NO;SI;NO;NO;NO;NO
9/08/1981;37;SEGUROS GENERALES SURAMERICANA S.A.;NO;NO;NO;NO;NO;SI;NO;NO;NO;NO;NO;NO
5/07/1976;42;AON RISK SERVICES COLOMBIA S.A.;NO;NO;NO;NO;NO;SI;NO;NO;NO;NO;NO;NO
5/10/1972;46;AON RISK SERVICES COLOMBIA S.A.;NO;NO;NO;NO;NO;SI;NO;NO;NO;NO;NO;NO
2/11/1978;40;WILLIS TOWERS WATSON COLOMBIA CORREDORES DE SEGUROS SA;NO;NO;NO;NO;NO;SI;NO;NO;NO;NO;NO;NO
26/10/1990;28;SEGUROS GENERALES SURAMERICANA S.A.;NO;NO;SI;NO;NO;NO;NO;NO;NO;NO;NO;NO
17/09/1994;24;INCOLMOTOS - YAMAHA S.A.;NO;SI;NO;NO;NO;NO;NO;NO;NO;NO;NO;NO
20/04/1961;57;WILLIS TOWERS WATSON COLOMBIA CORREDORES DE SEGUROS SA;NO;NO;NO;NO;NO;SI;NO;NO;NO;NO;NO;NO
21/01/2020;-1;JARAMILLO AGUILAR  VICTOR DE JESUS;NO;NO;NO;NO;NO;NO;NO;NO;NO;NO;NO;NO
21/01/2020;-1;COMERCIAL COLOMBIANA LTDA AGENCIA DE SEGUROS;NO;NO;NO;NO;NO;NO;NO;NO;NO;NO;SI;NO
6/11/1963;55;SEGUROS GENERALES SURAMERICANA S.A.;NO;NO;NO;NO;NO;SI;NO;NO;NO;NO;NO;NO
2/02/1969;49;A & M SEGUROS;NO;NO;NO;NO;NO;SI;NO;SI;NO;NO;NO;NO
29/04/1976;42;WILLIS TOWERS WATSON COLOMBIA CORREDORES DE SEGUROS SA;NO;NO;NO;NO;NO;SI;NO;NO;NO;NO;NO;NO
29/01/1955;63;WILLIS TOWERS WATSON COLOMBIA CORREDORES DE SEGUROS SA;NO;NO;NO;NO;NO;SI;NO;NO;NO;NO;NO;NO
1/01/1956;63;P M G ASESORES DE SEGUROS LTDA;NO;NO;NO;NO;NO;SI;NO;NO;NO;NO;NO;NO
16/07/1989;29;PARTNER SAMI CONSULTORES DE RIESGOS Y SEGUROS LTDA;NO;NO;NO;NO;NO;SI;NO;SI;NO;NO;NO;NO
7/10/1996;22;SEGUROS GENERALES SURAMERICANA S.A.;NO;NO;NO;NO;NO;NO;NO;NO;NO;NO;NO;NO
7/11/1982;36;ESTRADA SALAZAR  JUAN FELIPE;NO;SI;NO;NO;NO;NO;NO;NO;NO;NO;NO;NO
23/12/1976;42;SERVICIOS FINANCIEROS S.A. SERFINANSA COMPAÑIA DE FINANCIAMIENTO;NO;NO;NO;NO;NO;SI;NO;NO;NO;NO;NO;NO
5/12/1947;71;COOPROSEGUROS AGENCIA DE SEGUROS LTDA;SI;NO;NO;NO;NO;NO;NO;NO;NO;NO;NO;NO
21/01/2020;-1;RUIZ APONTE  BLANCA MARINA;NO;NO;NO;NO;NO;NO;NO;SI;NO;NO;NO;NO
16/06/1974;44;WILLIS TOWERS WATSON COLOMBIA CORREDORES DE SEGUROS SA;NO;NO;NO;NO;NO;SI;NO;SI;NO;NO;NO;NO
28/03/1982;36;SEGUROS GENERALES SURAMERICANA S.A.;NO;NO;SI;NO;NO;NO;NO;NO;NO;NO;NO;NO
1/01/1988;31;Sin Información;NO;NO;SI;NO;NO;NO;NO;NO;NO;NO;NO;NO
8/09/1995;23;MARTINEZ PIRA  EDGAR SANTIAGO;NO;NO;SI;NO;NO;NO;NO;NO;NO;NO;NO;NO
21/01/2020;-1;SEGUROS GENERALES SURAMERICANA S.A.;NO;SI;NO;NO;NO;NO;NO;NO;NO;NO;NO;NO
10/07/1977;41;WILLIS TOWERS WATSON COLOMBIA CORREDORES DE SEGUROS SA;NO;NO;NO;NO;NO;SI;NO;NO;NO;NO;NO;NO
1/01/1974;45;SEGUROS GENERALES SURAMERICANA S.A.;NO;SI;NO;NO;NO;NO;NO;NO;NO;NO;NO;NO
18/03/1991;27;SERVICIOS FINANCIEROS S.A. SERFINANSA COMPAÑIA DE FINANCIAMIENTO;NO;NO;NO;NO;NO;SI;NO;NO;NO;NO;NO;NO
13/10/1980;38;DIRECTAS-SANTIAGO;SI;NO;NO;NO;NO;NO;NO;NO;NO;NO;NO;NO
9/05/1979;39;VAZQUEZ DAZA  JHONATHAN CHAYANE;NO;SI;NO;NO;NO;NO;NO;NO;NO;NO;NO;NO
8/03/1965;53;ZULETA PATIÑO  ANDRES EDUARDO;NO;NO;SI;NO;NO;NO;NO;NO;NO;NO;NO;NO
11/08/1977;41;WILLIS TOWERS WATSON COLOMBIA CORREDORES DE SEGUROS SA;NO;NO;NO;NO;NO;SI;NO;NO;NO;NO;NO;NO
17/09/1968;50;URIBE SANCHEZ  YULY PAULINA;NO;NO;NO;NO;NO;NO;NO;NO;NO;NO;NO;NO
8/05/1982;36;SEGUROS GENERALES SURAMERICANA S.A.;NO;SI;NO;NO;NO;SI;NO;SI;NO;NO;NO;NO
15/08/1960;58;Sin Información;NO;NO;NO;NO;NO;NO;NO;NO;NO;NO;NO;NO
24/01/1964;54;SEGUROS GENERALES SURAMERICANA S.A.;NO;SI;NO;NO;NO;NO;NO;NO;NO;NO;NO;NO
2/03/1980;38;DELIMA MARSH S.A. LOS CORREDORES DE SEGUROS;NO;NO;NO;NO;NO;SI;NO;SI;NO;NO;NO;NO
22/03/1973;45;SEGUROS GENERALES SURAMERICANA S.A.;NO;NO;NO;NO;NO;NO;NO;NO;NO;NO;NO;NO
28/05/1983;35;WILLIS TOWERS WATSON COLOMBIA CORREDORES DE SEGUROS SA;NO;NO;NO;NO;NO;SI;NO;NO;NO;NO;NO;NO
21/01/2020;-1;COMERCIAL COLOMBIANA LTDA AGENCIA DE SEGUROS;NO;NO;NO;NO;NO;NO;NO;NO;NO;NO;SI;NO
14/01/1974;45;GAMA LTDA;NO;NO;NO;NO;NO;SI;NO;NO;NO;NO;NO;NO
21/01/2020;-1;SEGUROS GENERALES SURAMERICANA S.A.;NO;SI;NO;NO;NO;NO;NO;NO;NO;NO;NO;NO
6/01/1997;22;SEGUROS GENERALES SURAMERICANA S.A.;NO;NO;SI;NO;NO;NO;SI;SI;NO;NO;NO;NO
31/10/1988;30;SERVICIOS FINANCIEROS S.A. SERFINANSA COMPAÑIA DE FINANCIAMIENTO;NO;NO;NO;NO;NO;SI;NO;NO;NO;NO;NO;NO
22/03/1958;60;SEGUROS GENERALES SURAMERICANA S.A.;NO;NO;SI;NO;NO;NO;NO;NO;NO;NO;NO;NO
21/06/1963;55;AVIZORES DE CALDAS LTDA AGENCIA COLOCADORA DE SEGUROS;NO;NO;NO;NO;NO;SI;NO;NO;NO;NO;NO;NO
12/01/1970;49;WILLIS TOWERS WATSON COLOMBIA CORREDORES DE SEGUROS SA;NO;NO;NO;NO;NO;SI;NO;NO;NO;NO;NO;NO
17/07/1995;23;SEGUROS GENERALES SURAMERICANA S.A.;NO;NO;NO;NO;NO;NO;NO;NO;NO;NO;NO;NO
24/05/1969;49;SEGUROS GENERALES SURAMERICANA S.A.;NO;NO;SI;NO;NO;NO;NO;NO;NO;NO;NO;NO
22/03/1964;54;SERVICIOS FINANCIEROS S.A. SERFINANSA COMPAÑIA DE FINANCIAMIENTO;NO;NO;NO;NO;NO;SI;NO;NO;NO;NO;NO;NO
4/08/1985;33;SEGUROS GENERALES SURAMERICANA S.A.;NO;NO;SI;NO;NO;NO;NO;NO;NO;NO;NO;NO
21/01/2020;-1;COMERCIAL COLOMBIANA LTDA AGENCIA DE SEGUROS;NO;NO;NO;NO;NO;NO;NO;NO;NO;NO;SI;NO
30/10/1981;37;SIERRA BARRAGAN  WILFRIDO ENRIQUE;NO;NO;NO;NO;NO;SI;NO;NO;NO;NO;NO;NO
12/05/1966;52;WILLIS TOWERS WATSON COLOMBIA CORREDORES DE SEGUROS SA;NO;NO;NO;NO;NO;SI;NO;NO;NO;NO;NO;NO
18/05/1978;40;GUILLEN CORREA  ERICK;NO;NO;SI;SI;NO;NO;NO;NO;NO;NO;NO;NO
4/12/1987;31;WILLIS TOWERS WATSON COLOMBIA CORREDORES DE SEGUROS SA;NO;NO;NO;NO;NO;SI;NO;NO;NO;NO;NO;NO
14/12/1967;51;AON RISK SERVICES COLOMBIA S.A.;NO;NO;NO;NO;NO;SI;NO;NO;NO;NO;NO;NO
20/07/1995;23;AON RISK SERVICES COLOMBIA S.A.;NO;NO;NO;NO;NO;SI;NO;NO;NO;NO;NO;NO
21/01/2020;-1;ASEKURA AGENCIA DE SEGU;NO;SI;NO;NO;NO;NO;NO;NO;NO;NO;NO;NO
9/01/1958;61;SEGUROS GENERALES SURAMERICANA S.A.;NO;NO;NO;NO;NO;NO;NO;NO;NO;NO;NO;NO
17/04/1975;43;SEGUROS GENERALES SURAMERICANA S.A.;NO;NO;SI;NO;NO;NO;NO;NO;NO;NO;NO;NO
7/09/1970;48;AON RISK SERVICES COLOMBIA S.A.;NO;NO;NO;NO;NO;SI;NO;NO;NO;NO;NO;NO
5/05/2003;15;DELIMA MARSH S.A. LOS CORREDORES DE SEGUROS;NO;NO;NO;SI;NO;NO;NO;NO;NO;NO;NO;NO
18/05/1990;28;SERVICIOS FINANCIEROS S.A. SERFINANSA COMPAÑIA DE FINANCIAMIENTO;NO;NO;NO;NO;NO;SI;NO;NO;NO;NO;NO;NO
9/09/1982;36;SEGUROS GENERALES SURAMERICANA S.A.;NO;SI;NO;NO;NO;NO;NO;NO;NO;NO;NO;NO
9/09/1973;45;SEGUROS GENERALES SURAMERICANA S.A.;NO;SI;NO;NO;NO;NO;NO;NO;NO;NO;NO;NO
19/06/1993;25;Sin Información;NO;NO;SI;NO;NO;NO;NO;SI;NO;NO;NO;SI
21/01/2020;-1;SERVICIOS FINANCIEROS S.A. SERFINANSA COMPAÑIA DE FINANCIAMIENTO;NO;NO;NO;NO;NO;SI;NO;NO;NO;NO;NO;NO
7/10/1973;45;AGENCIA DE SEGUROS ANGOPI LIMITADA;NO;NO;NO;NO;NO;SI;NO;NO;NO;NO;NO;NO
21/01/2020;-1;CYC AGENCIA DE SEGUROS LTDA;NO;NO;NO;NO;NO;NO;NO;NO;NO;NO;NO;NO
8/04/1975;43;SEGUROS GENERALES SURAMERICANA S.A.;NO;NO;NO;NO;NO;SI;NO;NO;NO;NO;NO;NO
21/01/2020;-1;GUEVARA DE MELENDEZ, CARMEN ALICIA;SI;NO;NO;NO;NO;NO;NO;NO;NO;NO;NO;NO
13/01/1955;64;GAMA LTDA;NO;NO;NO;NO;NO;SI;NO;NO;NO;NO;NO;NO
15/09/1982;36;CACERES GODOY  MARTHA ZULAY;NO;NO;NO;NO;NO;SI;NO;SI;NO;NO;NO;NO
11/05/1957;61;ALBER ASESORES DE SEGUROS CIA LTDA;NO;NO;NO;NO;NO;SI;NO;NO;NO;NO;NO;NO
25/03/1977;41;WILLIS TOWERS WATSON COLOMBIA CORREDORES DE SEGUROS SA;NO;NO;NO;NO;NO;SI;NO;NO;NO;NO;NO;NO
26/04/1979;39;?;NO;NO;NO;NO;NO;NO;NO;NO;NO;NO;NO;NO
21/01/2020;-1;CONTACTO DIRECTO ASESORES EN SEGUROS LTDA;NO;NO;NO;NO;NO;SI;NO;NO;NO;NO;NO;NO
24/05/1973;45;RESTREPO HENAO S.A. CORREDORES DE SEGUROS;NO;NO;NO;NO;NO;SI;NO;SI;NO;NO;NO;NO
3/02/1979;39;SEGUROS GENERALES SURAMERICANA S.A.;NO;NO;SI;NO;NO;NO;NO;NO;NO;NO;NO;NO
21/01/2020;-1;COMERCIAL COLOMBIANA LTDA AGENCIA DE SEGUROS;NO;NO;NO;NO;NO;NO;NO;NO;NO;NO;SI;NO
6/08/1986;32;SEGUROS GENERALES SURAMERICANA S.A.;NO;NO;NO;NO;NO;NO;NO;NO;NO;NO;NO;NO
24/01/1962;56;WILLIS TOWERS WATSON COLOMBIA CORREDORES DE SEGUROS SA;NO;NO;NO;NO;NO;SI;NO;NO;NO;NO;NO;NO
13/10/1979;39;SERVICIOS FINANCIEROS S.A. SERFINANSA COMPAÑIA DE FINANCIAMIENTO;NO;NO;NO;NO;NO;SI;NO;NO;NO;NO;NO;NO
15/12/1983;35;SEGUROS GENERALES SURAMERICANA S.A.;NO;SI;NO;NO;NO;NO;NO;NO;NO;NO;NO;NO
21/08/1984;34;AIXA I. SALDAÑA LABRADOR;SI;NO;NO;NO;NO;NO;NO;NO;NO;NO;NO;NO
13/04/1966;52;SEGUROS GENERALES SURAMERICANA S.A.;NO;NO;SI;NO;NO;SI;NO;NO;NO;NO;NO;NO
23/01/1988;30;ZAPATA ARANGO  JORGE ANDRES;NO;NO;NO;NO;NO;SI;NO;SI;NO;NO;NO;NO
18/01/1965;54;AON RISK SERVICES COLOMBIA S.A.;NO;NO;NO;NO;NO;SI;NO;NO;NO;NO;NO;NO
20/12/1970;48;AON RISK SERVICES COLOMBIA S.A.;NO;NO;NO;NO;NO;SI;NO;NO;NO;NO;NO;NO
17/07/1973;45;SEGUROS GENERALES SURAMERICANA S.A.;NO;NO;NO;NO;NO;NO;NO;NO;NO;NO;NO;NO
21/09/1960;58;AON RISK SERVICES COLOMBIA S.A.;NO;NO;NO;NO;NO;SI;NO;NO;NO;NO;NO;NO
6/04/1954;64;AGENCIA DE SEGU CM2 LTDA;SI;NO;NO;NO;NO;SI;NO;NO;NO;NO;NO;NO
1/01/1977;42;SERVICIOS FINANCIEROS S.A. SERFINANSA COMPAÑIA DE FINANCIAMIENTO;NO;NO;NO;NO;NO;SI;NO;NO;NO;NO;NO;NO
21/10/1973;45;DIRECTA(CORPORATIVO);NO;NO;NO;NO;NO;NO;NO;NO;NO;SI;NO;NO
16/03/1968;50;ASESORES DE SEGUROS E INVERSIONES ZONA SEGURA LTDA;SI;NO;NO;NO;NO;NO;NO;NO;NO;NO;NO;NO
6/10/1961;57;WILLIS TOWERS WATSON COLOMBIA CORREDORES DE SEGUROS SA;NO;NO;NO;NO;NO;SI;NO;NO;NO;NO;NO;NO
12/09/1961;57;SEGUROS GENERALES SURAMERICANA S.A.;NO;SI;NO;NO;NO;NO;NO;SI;NO;NO;NO;NO
21/01/2020;-1;SEGUROS GENERALES SURAMERICANA S.A.;NO;NO;NO;NO;NO;NO;NO;NO;NO;NO;SI;NO
13/04/1987;31;SEGUROS GENERALES SURAMERICANA S.A.;NO;SI;NO;NO;NO;NO;NO;NO;NO;NO;NO;NO
21/01/2020;-1;SEGUROS GENERALES SURAMERICANA S.A.;NO;SI;NO;NO;NO;NO;NO;NO;NO;NO;NO;NO
9/10/1965;53;WILLIS TOWERS WATSON COLOMBIA CORREDORES DE SEGUROS SA;NO;NO;NO;NO;NO;SI;NO;NO;NO;NO;NO;NO
10/08/1964;54;SEGUROS GENERALES SURAMERICANA S.A.;NO;SI;NO;NO;NO;NO;NO;NO;NO;NO;NO;NO
4/07/1951;67;BANCO FALABELLA S A;NO;NO;NO;NO;NO;SI;NO;NO;NO;NO;NO;NO
5/06/1952;66;SEGUROS GENERALES SURAMERICANA S.A.;NO;NO;SI;NO;NO;NO;NO;NO;NO;SI;NO;NO
30/03/1955;63;SEGUROS GENERALES SURAMERICANA S.A.;NO;SI;NO;NO;NO;NO;NO;NO;NO;NO;NO;NO
8/10/1963;55;RESTREPO HENAO S.A. CORREDORES DE SEGUROS;NO;NO;NO;NO;NO;SI;NO;SI;NO;NO;NO;NO
3/06/1948;70;NICOLAS CORREA CORREA - ASESORIA INTEGRAL EN SEGUROS Y CIA LTDA;SI;SI;NO;NO;NO;NO;NO;NO;NO;NO;NO;NO
22/10/1991;27;SEGUROS GENERALES SURAMERICANA S.A.;NO;NO;SI;NO;NO;NO;NO;NO;NO;NO;NO;NO
10/08/1965;53;AON RISK SERVICES COLOMBIA S.A.;NO;NO;NO;NO;NO;SI;NO;NO;NO;NO;NO;NO
22/07/1977;41;SEGUROS GENERALES SURAMERICANA S.A.;NO;SI;SI;NO;NO;NO;NO;NO;NO;NO;NO;NO
22/12/1985;33;WILLIS TOWERS WATSON COLOMBIA CORREDORES DE SEGUROS SA;NO;NO;NO;NO;NO;SI;NO;NO;NO;NO;NO;NO
21/01/2020;-1;COLOM RIERA  FRANCISCO JOSE;NO;NO;NO;NO;NO;NO;NO;NO;NO;NO;NO;NO
1/12/1965;53;GALLEGO BECERRA  MARIA ISABEL;SI;NO;NO;NO;NO;NO;NO;NO;NO;NO;NO;NO
23/02/1980;38;WILLIS TOWERS WATSON COLOMBIA CORREDORES DE SEGUROS SA;SI;NO;NO;NO;NO;SI;NO;NO;NO;NO;NO;NO
21/01/2020;-1;SEGUROS GENERALES SURAMERICANA S.A.;NO;SI;NO;NO;NO;NO;NO;NO;NO;NO;NO;NO
21/01/2020;-1;AON RISK SERVICES COLOMBIA S.A.;NO;NO;NO;NO;NO;SI;NO;NO;NO;NO;NO;NO
24/03/1984;34;Sin Información;NO;NO;NO;NO;NO;NO;NO;SI;NO;NO;NO;NO
21/01/2020;-1;SEGUROS GENERALES SURAMERICANA S.A.;NO;SI;NO;NO;NO;NO;NO;NO;NO;NO;NO;NO
30/05/1979;39;TU SEGURO DE PROTECCION AGEN;SI;NO;NO;NO;NO;NO;NO;NO;NO;NO;NO;NO
30/09/1983;35;SERVICIOS FINANCIEROS S.A. SERFINANSA COMPAÑIA DE FINANCIAMIENTO;NO;NO;NO;NO;NO;SI;NO;NO;NO;NO;NO;NO
21/01/2020;-1;MBA Y CIA. AGENCIA DE SEGU;NO;NO;NO;NO;NO;SI;NO;NO;NO;NO;NO;NO
7/02/1982;36;SEGUROS GENERALES SURAMERICANA S.A.;NO;SI;NO;NO;NO;NO;NO;SI;NO;NO;NO;NO
21/01/2020;-1;GRUPO COOGRANADA ASESORESEN SEGUROS LTDA;NO;NO;NO;NO;NO;NO;NO;NO;NO;NO;NO;NO
7/03/2006;12;VALENCIA SALAZAR  MARIA MILENA;NO;NO;NO;SI;NO;NO;NO;NO;NO;NO;NO;NO
21/01/2020;-1;SEGUROS GENERALES SURAMERICANA S.A.;NO;SI;NO;NO;NO;NO;NO;NO;NO;NO;NO;NO
30/03/1970;48;PEREZ BEDOYA  DEISY CRISTINA;NO;NO;NO;NO;NO;NO;NO;NO;NO;NO;NO;NO
28/08/1964;54;MARTINEZ PEÑUELA PROMOTORES DE SEGUROS LTDA;NO;NO;NO;NO;NO;SI;NO;NO;NO;NO;NO;NO
17/11/1962;56;AE CONSULTORES EN SEGUROS LTDA;NO;NO;NO;NO;NO;SI;NO;SI;NO;NO;NO;NO
24/09/1947;71;WILLIS TOWERS WATSON COLOMBIA CORREDORES DE SEGUROS SA;NO;NO;NO;NO;NO;SI;NO;NO;NO;NO;NO;NO
11/09/1997;21;SEGUROS GENERALES SURAMERICANA S.A.;NO;NO;NO;NO;NO;NO;NO;NO;NO;NO;NO;NO
7/01/1982;37;SEGUROS GENERALES SURAMERICANA S.A.;NO;NO;NO;NO;NO;SI;NO;NO;NO;NO;NO;NO
16/04/1990;28;BOTERO BOTERO  LUZ EUGENIA;NO;NO;NO;NO;NO;SI;NO;SI;NO;NO;NO;NO
30/08/1981;37;FAJARDO SUAREZ  MARCO AURELIO;SI;NO;NO;NO;NO;NO;NO;NO;NO;NO;NO;NO
16/09/1963;55;WILLIS TOWERS WATSON COLOMBIA CORREDORES DE SEGUROS SA;NO;NO;NO;NO;NO;SI;NO;NO;NO;NO;NO;NO
9/09/1963;55;SEGUROS GENERALES SURAMERICANA S.A.;NO;NO;SI;NO;NO;NO;NO;NO;NO;NO;NO;NO
10/07/1970;48;DAV SEGUROS DE COLOMBIA LTDA;NO;NO;NO;NO;NO;NO;NO;NO;NO;NO;NO;NO
21/01/2020;-1;COMERCIAL COLOMBIANA LTDA AGENCIA DE SEGUROS;NO;NO;NO;NO;NO;NO;NO;NO;NO;NO;SI;NO
17/04/1933;85;SEGUROS GENERALES SURAMERICANA S.A.;NO;SI;NO;NO;NO;NO;NO;NO;NO;NO;NO;NO
22/12/1980;38;CONSULTORES DE SEGUROS AUTOLAND LTDA.;SI;NO;NO;NO;NO;NO;NO;NO;NO;NO;NO;NO
21/01/2020;-1;ITAU CORREDOR DE SEGUROS COLOMBIA S.A;NO;NO;NO;NO;NO;NO;NO;NO;NO;NO;NO;NO
24/08/1994;24;FUSION PROMOTOR ES DE SEGUROS E;NO;NO;NO;NO;NO;SI;NO;NO;NO;NO;NO;NO
5/05/1950;68;Sin Información;NO;NO;NO;NO;NO;SI;NO;NO;NO;NO;NO;NO
21/01/2020;-1;VENEGAS KROHNE  ANA MARIA;NO;NO;NO;NO;NO;NO;NO;NO;NO;NO;SI;NO
20/05/1987;31;WILLIS TOWERS WATSON COLOMBIA CORREDORES DE SEGUROS SA;NO;NO;NO;NO;NO;SI;NO;NO;NO;NO;NO;NO
21/01/2020;-1;CORSO LEYVA  HERNAN;NO;NO;NO;NO;NO;NO;NO;NO;NO;NO;SI;NO
19/09/1985;33;COOPROSEGUROS AGENCIA DE SEGUROS LTDA;NO;SI;NO;NO;NO;NO;NO;NO;NO;NO;NO;NO
7/07/1977;41;SEGUROS GENERALES SURAMERICANA S.A.;NO;NO;NO;NO;NO;SI;NO;SI;NO;NO;NO;NO
21/01/2020;-1;WILLIS TOWERS WATSON COLOMBIA CORREDORES DE SEGUROS SA;NO;NO;NO;NO;NO;SI;NO;NO;NO;NO;NO;NO
27/03/1985;33;RODRIGUEZ BENAVIDES  YANET DEL CARMEN;NO;NO;NO;SI;NO;NO;NO;NO;NO;NO;NO;NO
21/01/2020;-1;GARCIA CONCHA  LUIS JAIME;NO;NO;NO;NO;NO;NO;NO;NO;NO;NO;SI;NO
21/01/2020;-1;COMERCIAL COLOMBIANA LTDA AGENCIA DE SEGUROS;NO;NO;NO;NO;NO;NO;NO;NO;NO;NO;NO;NO
28/07/1963;55;BENAVIDES BENAVIDES  CARLOS JULIO;NO;NO;NO;NO;NO;NO;NO;SI;NO;NO;NO;NO
18/08/1965;53;Sin Información;NO;NO;NO;NO;NO;NO;NO;SI;NO;NO;NO;NO
15/07/1990;28;SEGUROS GENERALES SURAMERICANA S.A.;NO;NO;SI;NO;NO;NO;NO;NO;NO;NO;NO;NO
21/01/2020;-1;RUIZ CALDERON, LUIS JOVANNY;SI;NO;NO;NO;NO;NO;NO;NO;NO;NO;NO;NO
28/05/1988;30;CONTACTO DIRECTO ASESORES EN SEGUROS LTDA;NO;NO;NO;NO;NO;SI;NO;NO;NO;NO;NO;NO
21/02/1974;44;JARDINE LLOYD THOMPSON VALENCIA & IRAGORRI CORREDORES DE SEGUROS S.A.;NO;NO;NO;NO;NO;SI;NO;NO;NO;NO;NO;NO
21/01/2020;-1;CREAR SEGUROS B USSINES PROCESS;NO;NO;NO;NO;NO;NO;NO;NO;NO;NO;NO;NO
3/09/1956;62;SEGUROS GENERALES SURAMERICANA S.A.;NO;NO;NO;NO;NO;NO;NO;NO;NO;NO;NO;NO
19/02/1961;57;WILLIS TOWERS WATSON COLOMBIA CORREDORES DE SEGUROS SA;NO;NO;NO;NO;NO;SI;NO;NO;NO;NO;NO;NO
13/08/1977;41;WILLIS TOWERS WATSON COLOMBIA CORREDORES DE SEGUROS SA;NO;NO;NO;NO;NO;SI;NO;NO;NO;NO;NO;NO
21/01/2020;-1;DELIMA MARSH S.A. LOS CORREDORES DE SEGUROS;NO;NO;NO;NO;NO;NO;NO;NO;NO;NO;SI;NO
6/02/1961;57;AON RISK SERVICES COLOMBIA S.A.;NO;NO;NO;NO;NO;SI;NO;NO;NO;NO;NO;NO
6/01/1966;53;SEGUROS GENERALES SURAMERICANA S.A.;NO;NO;SI;NO;NO;NO;NO;NO;NO;NO;NO;NO
19/01/1987;32;SERVICIOS FINANCIEROS S.A. SERFINANSA COMPAÑIA DE FINANCIAMIENTO;NO;NO;NO;NO;NO;SI;NO;NO;NO;NO;NO;NO
21/01/2020;-1;TAURO SEGUROS SOCIEDAD LIMITA;NO;NO;NO;NO;NO;NO;NO;NO;NO;NO;SI;NO
12/02/1971;47;SEGUROS GENERALES SURAMERICANA S.A.;NO;SI;SI;NO;NO;NO;NO;NO;NO;NO;NO;NO
21/12/1963;55;CONECTA SEGUROS LTDA;NO;NO;NO;NO;SI;NO;NO;NO;NO;NO;NO;NO
21/08/1946;72;SEGUROS GENERALES SURAMERICANA S.A.;NO;SI;NO;NO;NO;NO;NO;NO;NO;NO;NO;NO
17/06/1988;30;GUIABIEN ASESORES EN SEGUROS LTDA;NO;NO;NO;SI;NO;NO;NO;NO;NO;NO;NO;NO
21/01/2020;-1;SANTIAGO VELEZ & ASOCIADOS. CORREDORES DE SEGUROS S.A;NO;NO;NO;NO;NO;NO;NO;NO;NO;NO;SI;NO
19/04/1987;31;SEGURNET ASESORES DE SEGUROS Y CIA LTDA;NO;NO;NO;NO;NO;SI;NO;NO;NO;NO;NO;NO
10/05/1969;49;SEGUROS GENERALES SURAMERICANA S.A.;NO;SI;NO;NO;NO;NO;NO;NO;NO;NO;NO;NO
29/09/1972;46;ISAZA RUIZ  MIGUEL JOSE;NO;SI;NO;NO;NO;NO;NO;NO;NO;NO;NO;NO
19/02/1964;54;SEGUROS GENERALES SURAMERICANA S.A.;NO;NO;SI;NO;NO;NO;NO;NO;NO;NO;NO;NO
3/10/1989;29;WILLIS TOWERS WATSON COLOMBIA CORREDORES DE SEGUROS SA;NO;NO;NO;NO;NO;SI;NO;NO;NO;NO;NO;NO
30/03/1975;43;Sin Información;NO;NO;NO;NO;NO;NO;NO;SI;NO;NO;NO;NO
8/01/1990;29;SERVICIOS FINANCIEROS S.A. SERFINANSA COMPAÑIA DE FINANCIAMIENTO;NO;NO;NO;NO;NO;SI;NO;NO;NO;NO;NO;NO
25/03/1977;41;CLARITY PROFESIONALES EN SEGUROS LTDA;NO;NO;NO;NO;NO;SI;NO;NO;NO;NO;NO;NO
2/11/1950;68;CLARITY PROFESIONALES EN SEGUROS LTDA;NO;NO;NO;NO;NO;SI;NO;NO;NO;NO;NO;NO
22/11/1984;34;WILLIS TOWERS WATSON COLOMBIA CORREDORES DE SEGUROS SA;NO;NO;NO;NO;NO;SI;NO;NO;NO;NO;NO;NO
21/01/2020;-1;CORSO LEYVA  HERNAN;NO;NO;NO;NO;NO;NO;NO;NO;NO;NO;SI;NO
14/04/1971;47;CONTACTO DIRECTO ASESORES EN SEGUROS LTDA;NO;NO;NO;NO;NO;SI;NO;NO;NO;NO;NO;NO
2/08/1991;27;SEGUROS GENERALES SURAMERICANA S.A.;NO;NO;SI;NO;NO;NO;NO;NO;NO;NO;NO;NO
20/10/1998;20;SEGUROS GENERALES SURAMERICANA S.A.;NO;SI;NO;NO;NO;NO;NO;NO;NO;NO;NO;NO
10/01/1956;63;SEGUROS GENERALES SURAMERICANA S.A.;NO;SI;NO;NO;NO;NO;NO;NO;NO;NO;NO;NO
30/03/1987;31;SEGUROS GENERALES SURAMERICANA S.A.;NO;NO;SI;NO;NO;NO;NO;NO;NO;NO;NO;NO
30/10/1989;29;DELIMA MARSH S.A. LOS CORREDORES DE SEGUROS;NO;NO;NO;NO;NO;SI;NO;SI;NO;NO;NO;NO
17/05/1970;48;SEGUROS GENERALES SURAMERICANA S.A.;NO;NO;SI;NO;NO;NO;NO;NO;NO;NO;NO;NO
25/04/1988;30;MALUVA ASESORES EN SEGUROS LTDA;NO;NO;NO;NO;NO;NO;NO;NO;NO;NO;NO;NO
21/01/2020;-1;COMERCIAL COLOMBIANA LTDA AGENCIA DE SEGUROS;NO;NO;NO;NO;NO;NO;NO;NO;NO;NO;SI;NO
17/11/1963;55;DELIMA MARSH S.A. LOS CORREDORES DE SEGUROS;NO;NO;NO;NO;NO;SI;NO;SI;NO;NO;NO;NO
1/01/1960;59;SERVICIOS FINANCIEROS S.A. SERFINANSA COMPAÑIA DE FINANCIAMIENTO;NO;NO;NO;NO;NO;SI;NO;NO;NO;NO;NO;NO
21/01/2020;-1;SEGUROS GENERALES SURAMERICANA S.A.;NO;SI;NO;NO;NO;NO;NO;NO;NO;NO;NO;NO
24/10/1964;54;VEGA DE GONZALEZ, INES ;NO;NO;SI;NO;NO;NO;NO;NO;NO;SI;NO;NO
16/11/1981;37;Sin Información;NO;NO;NO;NO;NO;NO;NO;SI;NO;NO;NO;NO
26/06/1979;39;SERVICIOS FINANCIEROS S.A. SERFINANSA COMPAÑIA DE FINANCIAMIENTO;NO;NO;NO;NO;NO;SI;NO;NO;NO;NO;NO;NO
26/04/1996;22;SEGUROS GENERALES SURAMERICANA S.A.;NO;SI;NO;NO;NO;NO;NO;NO;NO;NO;NO;NO
29/06/1954;64;RUSSI DIAZ  EVELYN;NO;NO;NO;NO;NO;SI;NO;NO;NO;NO;NO;NO
14/12/1987;31;SEGUROS GENERALES SURAMERICANA S.A.;NO;SI;NO;NO;NO;NO;NO;NO;NO;NO;NO;NO
20/06/1990;28;PEREZ PULIDO  CARLOS ALBERTO;NO;NO;NO;NO;NO;SI;NO;NO;NO;NO;NO;NO
25/05/1969;49;WILLIS TOWERS WATSON COLOMBIA CORREDORES DE SEGUROS SA;NO;NO;NO;NO;NO;SI;NO;NO;NO;NO;NO;NO
21/01/2020;-1;SEGUROS GENERALES SURAMERICANA S.A.;NO;SI;NO;NO;NO;NO;NO;NO;NO;NO;NO;NO
2/08/1979;39;AON RISK SERVICES COLOMBIA S.A.;NO;NO;NO;NO;NO;SI;NO;NO;NO;NO;NO;NO
17/04/1994;24;SERVICIOS FINANCIEROS S.A. SERFINANSA COMPAÑIA DE FINANCIAMIENTO;NO;NO;NO;NO;NO;SI;NO;NO;NO;NO;NO;NO
7/11/1955;63;WILLIS TOWERS WATSON COLOMBIA CORREDORES DE SEGUROS SA;NO;NO;NO;NO;NO;SI;NO;NO;NO;NO;NO;NO
21/01/2020;-1;CONTEXTO SEGUROS MVA;NO;NO;NO;NO;NO;NO;NO;NO;NO;NO;NO;NO
16/05/1960;58;SEGUROS GENERALES SURAMERICANA S.A.;NO;NO;SI;NO;NO;NO;NO;NO;NO;NO;NO;NO
4/10/1980;38;SERVICIOS FINANCIEROS S.A. SERFINANSA COMPAÑIA DE FINANCIAMIENTO;NO;NO;NO;NO;NO;SI;NO;NO;NO;NO;NO;NO
29/03/1985;33;MARICARMEN  VILLAMONTE ISAACS;SI;NO;NO;NO;NO;NO;NO;NO;NO;NO;NO;NO
10/07/1961;57;AON RISK SERVICES COLOMBIA S.A.;NO;NO;NO;NO;NO;SI;NO;NO;NO;NO;NO;NO
15/12/2004;14;CUTA CACUA  ANDRES HORACIO;NO;NO;NO;SI;NO;NO;NO;NO;NO;NO;NO;NO
16/07/1966;52;SEGUROS GENERALES SURAMERICANA S.A.;NO;NO;NO;NO;NO;SI;NO;SI;NO;NO;NO;NO
9/11/1982;36;RESTREPO HENAO S.A. CORREDORES DE SEGUROS;NO;NO;NO;NO;NO;SI;NO;SI;NO;NO;NO;NO
1/12/1992;26;GDS PROFESIONALES EN SEGUROS LIMITADA;NO;NO;NO;NO;NO;SI;NO;SI;NO;NO;NO;NO
30/05/1997;21;PETRO HUILA  MARCELA;NO;NO;NO;NO;NO;SI;NO;NO;NO;NO;NO;NO
20/10/1967;51;VENEGAS RAMIREZ  RAMON ALBERTO;NO;NO;NO;NO;NO;SI;NO;SI;NO;NO;NO;NO
22/03/1970;48;SEGUROS GENERALES SURAMERICANA S.A.;NO;NO;SI;NO;NO;NO;NO;NO;NO;NO;NO;NO
9/03/1959;59;WILLIS TOWERS WATSON COLOMBIA CORREDORES DE SEGUROS SA;NO;NO;NO;NO;NO;SI;NO;NO;NO;NO;NO;NO
5/02/1955;63;SERVICIOS FINANCIEROS S.A. SERFINANSA COMPAÑIA DE FINANCIAMIENTO;NO;NO;NO;NO;NO;SI;NO;NO;NO;NO;NO;NO
16/07/1969;49;WILLIS TOWERS WATSON COLOMBIA CORREDORES DE SEGUROS SA;NO;NO;NO;NO;NO;SI;NO;NO;NO;NO;NO;NO
11/01/1991;28;WILLIS TOWERS WATSON COLOMBIA CORREDORES DE SEGUROS SA;SI;NO;NO;NO;NO;NO;NO;NO;NO;NO;NO;NO
27/08/1969;49;SEGUROS GENERALES SURAMERICANA S.A.;NO;SI;NO;NO;NO;NO;NO;NO;NO;NO;NO;NO
21/01/2020;-1;VELEZ DIAZ  ANDRES FELIPE;SI;NO;NO;NO;NO;NO;NO;NO;NO;NO;NO;NO
28/02/1995;23;WILLIS TOWERS WATSON COLOMBIA CORREDORES DE SEGUROS SA;NO;NO;NO;NO;NO;SI;NO;NO;NO;NO;NO;NO
21/07/1943;75;COSECHAMOS EXPERIENCIA LTD;NO;NO;NO;NO;NO;SI;NO;NO;NO;NO;NO;NO
20/11/1961;57;FILIANZA SEGURO LIMITADA;NO;NO;NO;NO;NO;SI;NO;SI;NO;NO;NO;NO
20/08/1975;43;SEGUROS GENERALES SURAMERICANA S.A.;NO;SI;NO;NO;NO;NO;NO;NO;NO;NO;NO;NO
21/01/2020;-1;SERVICIOS FINANCIEROS S.A. SERFINANSA COMPAÑIA DE FINANCIAMIENTO;NO;NO;NO;NO;NO;SI;NO;NO;NO;NO;NO;NO
10/01/1970;49;SEGUROS GENERALES SURAMERICANA S.A.;NO;NO;SI;NO;NO;NO;NO;NO;NO;NO;NO;NO
9/12/1982;36;AON RISK SERVICES COLOMBIA S.A.;NO;NO;NO;NO;NO;SI;NO;NO;NO;NO;NO;NO
17/05/1985;33;POTES ANACONAS  JUAN CAMILO;NO;NO;NO;NO;NO;NO;NO;SI;NO;NO;NO;NO
18/09/1974;44;SANTIAGO VELEZ & ASOCIADOS. CORREDORES DE SEGUROS S.A;NO;SI;NO;NO;NO;NO;NO;NO;NO;NO;NO;NO
6/07/1997;21;SEGUROS GENERALES SURAMERICANA S.A.;NO;NO;NO;NO;NO;NO;NO;NO;NO;NO;NO;NO
10/09/1980;38;SANCHEZ .  EDISON HUMBERTO;NO;NO;NO;NO;NO;NO;NO;NO;NO;NO;NO;NO
25/12/1962;56;AKUO AGENCIA DE SEGUROS LIMITADA;NO;NO;NO;NO;NO;SI;NO;SI;NO;NO;NO;NO
13/01/1981;38;GUTIERREZ GAVIRIA  LILIANA MARIA;NO;NO;NO;NO;NO;SI;NO;SI;NO;NO;NO;NO
9/08/1976;42;WILLIS TOWERS WATSON COLOMBIA CORREDORES DE SEGUROS SA;NO;NO;NO;NO;NO;SI;NO;NO;NO;NO;NO;NO
3/04/1991;27;SEGUROS GENERALES SURAMERICANA S.A.;NO;NO;NO;NO;NO;NO;NO;NO;NO;NO;NO;NO
20/12/1958;60;WILLIS TOWERS WATSON COLOMBIA CORREDORES DE SEGUROS SA;NO;NO;NO;NO;NO;SI;NO;NO;NO;NO;NO;NO
1/02/1993;25;SEGUROS GENERALES SURAMERICANA S.A.;SI;NO;NO;NO;NO;NO;NO;NO;NO;NO;NO;NO
22/11/1991;27;WILLIS TOWERS WATSON COLOMBIA CORREDORES DE SEGUROS SA;NO;NO;NO;NO;NO;SI;NO;NO;NO;NO;NO;NO
7/03/1981;37;SANTIAGO VELEZ & ASOCIADOS. CORREDORES DE SEGUROS S.A;SI;NO;NO;NO;NO;NO;NO;NO;NO;NO;NO;NO
11/07/1957;61;PARADA CARDENAS  JENNY MELITZA;SI;NO;NO;NO;NO;NO;NO;NO;NO;NO;NO;NO
19/09/1979;39;CASTRO GAVIRIA  ELIANA MARCELA;NO;NO;NO;NO;NO;SI;NO;NO;NO;NO;NO;NO
17/11/1993;25;WILLIS TOWERS WATSON COLOMBIA CORREDORES DE SEGUROS SA;NO;NO;NO;NO;NO;SI;NO;NO;NO;NO;NO;NO
26/02/1988;30;WILLIS TOWERS WATSON COLOMBIA CORREDORES DE SEGUROS SA;NO;NO;NO;NO;NO;SI;NO;NO;NO;NO;NO;NO
30/09/1972;46;WILLIS TOWERS WATSON COLOMBIA CORREDORES DE SEGUROS SA;NO;NO;NO;NO;NO;SI;NO;NO;NO;NO;NO;NO
22/04/1986;32;COOMEVA CORREDORES DE SEGUROS S.A.;NO;NO;NO;NO;NO;SI;NO;NO;NO;NO;NO;NO
21/01/2020;-1;CAMPOS BOLAÃ¿OS, RAMON ARTURO;SI;NO;NO;NO;NO;NO;NO;NO;NO;NO;NO;NO
21/01/2020;-1;BUCHELI ERASO  MONICA SUSANA;NO;SI;NO;NO;NO;NO;NO;NO;NO;NO;NO;NO
17/11/1981;37;LLANO ALZATE  PILAR;NO;NO;NO;NO;NO;SI;NO;SI;NO;NO;NO;NO
21/01/2020;-1;GEO ASESORES EN SEGUROS LIMITAD;NO;NO;NO;NO;NO;NO;NO;NO;NO;NO;SI;NO
5/08/1973;45;CM&M ASESORES DE SEGURO LIMITADA;NO;NO;NO;NO;NO;SI;NO;NO;NO;NO;NO;NO
21/01/2020;-1;URIBE ELIZALDE  JHON JAIRO;SI;SI;NO;NO;NO;NO;NO;NO;NO;NO;NO;NO
8/05/1969;49;PEREZ RIOS, JORGE EUCLIDES;NO;NO;SI;NO;NO;NO;NO;NO;NO;NO;NO;NO
31/01/1972;46;AON RISK SERVICES COLOMBIA S.A.;NO;NO;NO;SI;NO;SI;NO;SI;NO;NO;NO;NO
7/05/1962;56;WILLIS TOWERS WATSON COLOMBIA CORREDORES DE SEGUROS SA;NO;NO;NO;NO;NO;SI;NO;NO;NO;NO;NO;NO
3/10/1978;40;ALSA SEGUROS LTDA;NO;NO;NO;NO;NO;SI;NO;NO;NO;NO;NO;NO
6/10/1966;52;SEGUROS GENERALES SURAMERICANA S.A.;NO;NO;SI;NO;NO;NO;NO;NO;NO;NO;NO;NO
12/08/1993;25;WILLIS TOWERS WATSON COLOMBIA CORREDORES DE SEGUROS SA;SI;NO;NO;NO;NO;SI;NO;NO;NO;NO;NO;NO
17/06/1951;67;WILLIS TOWERS WATSON COLOMBIA CORREDORES DE SEGUROS SA;NO;NO;NO;NO;NO;SI;NO;NO;NO;NO;NO;NO
25/12/1990;28;HERRERA TORRES  SONIA ESPERANZA;NO;NO;NO;NO;NO;NO;NO;NO;SI;NO;NO;NO
7/04/1959;59;SERVICIOS FINANCIEROS S.A. SERFINANSA COMPAÑIA DE FINANCIAMIENTO;NO;NO;NO;NO;NO;SI;NO;NO;NO;NO;NO;NO
18/07/1995;23;SERVICIOS FINANCIEROS S.A. SERFINANSA COMPAÑIA DE FINANCIAMIENTO;NO;NO;NO;NO;NO;SI;NO;NO;NO;NO;NO;NO
26/08/1963;55;SEGUROS GENERALES SURAMERICANA S.A.;NO;SI;NO;NO;NO;NO;NO;NO;NO;NO;NO;NO
20/02/1965;53;AON RISK SERVICES COLOMBIA S.A.;NO;NO;NO;NO;NO;SI;NO;NO;NO;NO;NO;NO
22/08/1987;31;SEGUROS GENERALES SURAMERICANA S.A.;NO;NO;SI;NO;NO;NO;NO;NO;NO;NO;NO;NO
21/01/2020;-1;COMERCIAL COLOMBIANA LTDA AGENCIA DE SEGUROS;NO;NO;NO;NO;NO;NO;NO;NO;NO;NO;SI;NO
1/01/1995;24;ABRIL RIESGOS Y SEGUROS LIMIT;NO;NO;NO;NO;NO;SI;NO;SI;NO;NO;NO;NO
7/07/1987;31;WILLIS TOWERS WATSON COLOMBIA CORREDORES DE SEGUROS SA;NO;NO;NO;NO;NO;SI;NO;NO;NO;NO;NO;NO
21/01/2020;-1;COMERCIAL COLOMBIANA LTDA AGENCIA DE SEGUROS;NO;NO;NO;NO;NO;NO;NO;NO;NO;NO;SI;NO
5/01/1964;55;WILLIS TOWERS WATSON COLOMBIA CORREDORES DE SEGUROS SA;NO;NO;NO;NO;NO;SI;NO;NO;NO;NO;NO;NO
22/04/1971;47;SEGUROS GENERALES SURAMERICANA S.A.;NO;NO;NO;NO;NO;SI;NO;SI;NO;NO;NO;NO
21/01/2020;-1;CHICA DE CASAS  LIBIA AMPARO;NO;NO;NO;NO;NO;NO;NO;NO;NO;NO;SI;NO
17/01/1997;22;GUTIERREZ VELEZ  HECTOR GERMAN;SI;NO;NO;NO;NO;NO;NO;NO;NO;NO;NO;NO
30/06/1979;39;SALAMANCA PINZON  AMPARO INES;NO;SI;NO;NO;NO;NO;NO;NO;NO;NO;NO;NO
11/11/1963;55;SERVICIOS FINANCIEROS S.A. SERFINANSA COMPAÑIA DE FINANCIAMIENTO;NO;NO;NO;NO;NO;SI;NO;NO;NO;NO;NO;NO
21/01/2020;-1;COMERCIAL COLOMBIANA LTDA AGENCIA DE SEGUROS;NO;NO;NO;NO;NO;NO;NO;NO;NO;NO;SI;NO
3/02/1979;39;SERVICIOS FINANCIEROS S.A. SERFINANSA COMPAÑIA DE FINANCIAMIENTO;NO;NO;NO;NO;NO;SI;NO;NO;NO;NO;NO;NO
18/09/2001;17;AON RISK SERVICES COLOMBIA S.A.;NO;NO;NO;SI;NO;NO;NO;NO;NO;NO;NO;NO
14/04/1962;56;F.A. SU FUTURO LTDA. FERNANDO;SI;NO;NO;NO;NO;NO;NO;NO;NO;NO;NO;NO
7/09/1990;28;PAVI UL  JHONNATAN;NO;NO;NO;NO;NO;NO;NO;NO;NO;NO;NO;NO
15/11/1983;35;WILLIS TOWERS WATSON COLOMBIA CORREDORES DE SEGUROS SA;NO;NO;NO;NO;NO;SI;NO;NO;NO;NO;NO;NO
21/01/2020;-1;GEO ASESORES EN SEGUROS LIMITAD;NO;NO;NO;NO;NO;NO;NO;NO;NO;NO;NO;NO
15/08/1968;50;VELEZ ANAYA  MARIA ELENA;NO;NO;NO;NO;NO;NO;NO;NO;NO;NO;NO;NO
13/07/1955;63;SERVICIOS FINANCIEROS S.A. SERFINANSA COMPAÑIA DE FINANCIAMIENTO;NO;NO;NO;NO;NO;SI;NO;NO;NO;NO;NO;NO
31/12/1965;53;MOLINA GUTIERREZ  MANUEL ANTONIO;NO;NO;NO;NO;NO;NO;NO;NO;NO;NO;NO;NO
1/09/1978;40;AON RISK SERVICES COLOMBIA S.A.;NO;NO;NO;NO;NO;SI;NO;NO;NO;NO;NO;NO
22/04/1980;38;SEGUROS GENERALES SURAMERICANA S.A.;NO;SI;SI;NO;NO;NO;NO;NO;NO;NO;NO;NO
19/03/1981;37;SEGUROS GENERALES SURAMERICANA S.A.;NO;SI;NO;NO;NO;NO;NO;NO;NO;NO;NO;NO
21/01/2020;-1;DELIMA MARSH S.A. LOS CORREDORES DE SEGUROS;NO;NO;NO;NO;NO;NO;NO;NO;NO;NO;SI;NO
5/01/1983;36;RODRIGUEZ PINEDA  CLAUDIA PATRICIA;NO;SI;NO;NO;NO;NO;NO;NO;NO;NO;NO;NO
21/05/1973;45;SEGUROS GENERALES SURAMERICANA S.A.;NO;NO;SI;NO;NO;NO;NO;NO;NO;NO;NO;NO
25/09/1979;39;Sin Información;NO;NO;NO;NO;NO;NO;NO;NO;NO;NO;NO;NO
4/04/1984;34;LUGO M Y ASOCIADOS Y CIA LTDA;NO;SI;NO;NO;NO;NO;NO;SI;NO;NO;NO;NO
22/05/1967;51;SERVICIOS FINANCIEROS S.A. SERFINANSA COMPAÑIA DE FINANCIAMIENTO;NO;NO;NO;NO;NO;SI;NO;NO;NO;NO;NO;NO
3/08/1981;37;BANCO FALABELLA S A;NO;NO;NO;NO;NO;SI;NO;NO;NO;NO;NO;NO
18/01/1992;27;SEGUROS GENERALES SURAMERICANA S.A.;SI;NO;NO;NO;NO;NO;NO;NO;NO;NO;NO;NO
5/01/1960;59;SEGUROS GENERALES SURAMERICANA S.A.;NO;SI;NO;NO;NO;NO;NO;NO;NO;NO;NO;NO
16/08/1961;57;DIRECTA;SI;NO;NO;NO;NO;NO;NO;NO;NO;NO;NO;NO
25/04/1993;25;CORREA VELASQUEZ  MARIA EMMA;NO;NO;NO;NO;NO;SI;NO;SI;NO;NO;NO;NO
24/11/1982;36;SEGUROS GENERALES SURAMERICANA S.A.;NO;NO;SI;NO;NO;NO;NO;NO;NO;NO;NO;NO
14/03/1980;38;SEGUROS GENERALES SURAMERICANA S.A.;NO;NO;NO;NO;NO;SI;NO;NO;NO;NO;NO;NO
21/01/2020;-1;GEO ASESORES EN SEGUROS LIMITAD;NO;NO;NO;NO;NO;NO;NO;NO;NO;NO;SI;NO
22/12/1992;26;SEGUROS GENERALES SURAMERICANA S.A.;NO;NO;SI;NO;NO;NO;NO;NO;NO;NO;NO;NO
15/03/1968;50;RODAS MORENO  GINNA MARIA;NO;NO;NO;NO;NO;SI;NO;SI;NO;NO;NO;NO
1/11/1957;61;SEGUROS INTEGRALES GAMATRADING LTDA;NO;NO;NO;SI;NO;NO;NO;NO;NO;NO;NO;NO
16/07/1971;47;SEGUROS GENERALES SURAMERICANA S.A.;NO;NO;SI;NO;NO;NO;NO;NO;NO;NO;NO;NO
18/12/1984;34;WILLIS TOWERS WATSON COLOMBIA CORREDORES DE SEGUROS SA;NO;NO;NO;NO;NO;SI;NO;NO;NO;NO;NO;NO
21/01/2020;-1;SEGUROS GENERALES SURAMERICANA S.A.;NO;NO;NO;NO;NO;NO;NO;NO;NO;NO;NO;NO
14/05/1988;30;DELIMA MARSH S.A. LOS CORREDORES DE SEGUROS;SI;NO;NO;NO;NO;NO;NO;NO;NO;NO;NO;NO
1/10/1952;66;AON RISK SERVICES COLOMBIA S.A.;NO;NO;NO;NO;NO;SI;NO;NO;NO;NO;NO;NO
31/03/1979;39;SERVICIOS FINANCIEROS S.A. SERFINANSA COMPAÑIA DE FINANCIAMIENTO;NO;NO;NO;NO;NO;SI;NO;NO;NO;NO;NO;NO
21/01/2020;-1;AON RISK SERVICES COLOMBIA S.A.;NO;NO;NO;NO;NO;SI;NO;NO;NO;NO;NO;NO
25/02/1999;19;SEGUROS GENERALES SURAMERICANA S.A.;NO;NO;SI;NO;NO;NO;NO;NO;NO;NO;NO;NO
21/01/2020;-1;COMERCIAL COLOMBIANA LTDA AGENCIA DE SEGUROS;NO;NO;NO;NO;NO;NO;NO;NO;NO;NO;SI;NO
28/11/1982;36;SEGUROS GENERALES SURAMERICANA S.A.;NO;NO;SI;NO;NO;NO;NO;NO;NO;NO;NO;NO
21/01/2020;-1;SEGUROS GENERALES SURAMERICANA S.A.;NO;SI;NO;NO;NO;NO;NO;NO;NO;NO;NO;NO
12/02/1989;29;WILLIS TOWERS WATSON COLOMBIA CORREDORES DE SEGUROS SA;NO;NO;NO;NO;NO;SI;NO;NO;NO;NO;NO;NO
5/04/1956;62;SEGUROS GENERALES SURAMERICANA S.A.;NO;SI;NO;NO;NO;NO;NO;NO;NO;NO;NO;NO
25/02/1980;38;A C T SEGUROS LTDA.;NO;NO;NO;NO;NO;NO;NO;NO;NO;NO;NO;NO
21/01/2020;-1;SEGUROS GENERALES SURAMERICANA S.A.;NO;NO;NO;NO;NO;NO;NO;NO;NO;NO;SI;NO
27/11/1975;43;OSORIO ORTIZ  YUBER ESTEBAN;NO;NO;NO;NO;NO;NO;NO;SI;NO;NO;NO;NO
4/10/1976;42;GRUPO COOGRANADA ASESORESEN SEGUROS LTDA;NO;NO;NO;NO;NO;SI;NO;NO;NO;NO;NO;NO
12/06/1970;48;A & M SEGUROS;NO;NO;NO;NO;NO;SI;NO;SI;NO;NO;NO;NO
22/11/1981;37;LOPEZ AGUILAR  LUZ YANETH;NO;NO;NO;NO;NO;SI;NO;NO;NO;NO;NO;NO
27/07/1964;54;SEGUROS GENERALES SURAMERICANA S.A.;NO;NO;SI;NO;NO;NO;NO;NO;NO;NO;NO;NO
30/04/1966;52;SEGUROS GENERALES SURAMERICANA S.A.;NO;NO;SI;NO;NO;NO;NO;NO;NO;NO;NO;NO
21/01/2020;-1;COMERCIAL COLOMBIANA LTDA AGENCIA DE SEGUROS;NO;NO;NO;NO;NO;NO;NO;NO;NO;NO;SI;NO
23/02/1984;34;CONTACTO DIRECTO ASESORES EN SEGUROS LTDA;NO;NO;NO;NO;NO;SI;NO;NO;NO;NO;NO;NO
21/01/2020;-1;DELIMA MARSH S.A. LOS CORREDORES DE SEGUROS;NO;NO;NO;NO;NO;NO;NO;NO;NO;NO;SI;NO
14/11/1967;51;SEGUROS GENERALES SURAMERICANA S.A.;NO;NO;NO;NO;NO;SI;NO;NO;NO;NO;NO;NO
22/09/1975;43;Sin Información;NO;NO;NO;NO;NO;NO;NO;SI;NO;NO;NO;NO
24/06/1981;37;WILLIS TOWERS WATSON COLOMBIA CORREDORES DE SEGUROS SA;NO;NO;NO;NO;NO;SI;NO;NO;NO;NO;NO;NO
26/09/1977;41;SEGUROS GENERALES SURAMERICANA S.A.;NO;SI;NO;NO;NO;NO;NO;NO;NO;NO;NO;NO
29/01/1960;58;AON RISK SERVICES COLOMBIA S.A.;NO;NO;NO;NO;NO;SI;NO;NO;NO;NO;NO;NO
18/01/1981;38;Sin Información;NO;NO;NO;NO;NO;NO;NO;NO;NO;NO;NO;NO
29/10/1956;62;WILLIS TOWERS WATSON COLOMBIA CORREDORES DE SEGUROS SA;NO;NO;NO;NO;NO;SI;NO;NO;NO;NO;NO;NO
21/01/2020;-1;ITAU CORREDOR DE SEGUROS COLOMBIA S.A;NO;NO;NO;NO;NO;NO;NO;NO;NO;NO;SI;NO
29/10/1963;55;SERVICIOS FINANCIEROS S.A. SERFINANSA COMPAÑIA DE FINANCIAMIENTO;NO;NO;NO;NO;NO;SI;NO;NO;NO;NO;NO;NO
19/01/1998;21;CASTAÑEDA RODRIGUEZ  BRENDA DUFAY;SI;SI;NO;NO;NO;NO;NO;NO;NO;NO;NO;NO
21/01/2020;-1;MOLINA VASQUEZ  JUAN DAVID;NO;NO;NO;NO;NO;NO;NO;NO;NO;SI;NO;NO
9/09/1966;52;MONTOYA OSORIO  CATALINA MARIA;NO;NO;NO;NO;NO;SI;NO;NO;NO;NO;NO;NO
11/01/2017;2;EPS Y MEDICINA PREPAGADA SURAMERICANA S.A.;NO;NO;NO;NO;NO;NO;NO;NO;NO;NO;NO;NO
12/11/1978;40;SEGUROS GENERALES SURAMERICANA S.A.;NO;NO;SI;NO;NO;NO;NO;NO;NO;NO;NO;NO
25/08/1977;41;BARCO ORTEGON  LUZ MERY;NO;NO;NO;NO;NO;SI;NO;SI;NO;NO;NO;NO
28/02/1986;32;WILLIS TOWERS WATSON COLOMBIA CORREDORES DE SEGUROS SA;NO;NO;NO;NO;NO;SI;NO;NO;NO;NO;NO;NO
29/12/1982;36;GONZALEZ GORDO  ADRIANA ESPERANZA;SI;NO;NO;NO;NO;NO;NO;NO;NO;NO;NO;NO
12/11/1975;43;SEGUROS GENERALES SURAMERICANA S.A.;NO;NO;SI;NO;NO;NO;NO;NO;NO;NO;NO;NO
8/08/1963;55;MILENIO CIA. LT DA. ASESORES DE;NO;NO;NO;NO;NO;SI;NO;NO;NO;NO;NO;NO
20/04/1978;40;PELAEZ PALACIO  JAIME ANDRES;NO;NO;SI;NO;NO;NO;NO;NO;NO;NO;NO;NO
5/02/1958;60;RESTREPO HENAO S.A. CORREDORES DE SEGUROS;NO;NO;NO;NO;NO;SI;NO;SI;NO;NO;NO;NO
12/04/1980;38;SEGUROS GENERALES SURAMERICANA S.A.;NO;NO;SI;NO;NO;NO;NO;NO;NO;NO;NO;NO
16/03/1995;23;SEGUROS GENERALES SURAMERICANA S.A.;NO;SI;NO;NO;NO;NO;NO;NO;NO;NO;NO;NO
28/05/1969;49;RAMIREZ TEGUA  ROBERTO CARLOS;NO;SI;NO;NO;NO;NO;NO;NO;NO;NO;NO;NO
1/11/1962;56;SEGUROS GENERALES SURAMERICANA S.A.;NO;SI;NO;NO;NO;NO;NO;NO;NO;NO;NO;NO
21/01/2020;-1;TORRES AVILA  WILLIAM;NO;NO;NO;NO;NO;NO;NO;NO;NO;NO;SI;NO
13/12/1989;29;SERENTIA SEGUROS LIMITADA AGENCIA DE SEGUROS;NO;NO;NO;NO;NO;SI;NO;NO;NO;NO;NO;NO
22/03/1978;40;SEGUROS GENERALES SURAMERICANA S.A.;NO;NO;SI;NO;NO;NO;NO;NO;NO;NO;NO;NO
15/11/1994;24;SEGUROS GENERALES SURAMERICANA S.A.;NO;NO;SI;NO;NO;NO;NO;NO;NO;NO;NO;NO
21/01/2020;-1;SEGUROS GENERALES SURAMERICANA S.A.;NO;NO;NO;NO;NO;NO;NO;NO;SI;NO;NO;NO
1/01/1974;45;SEGUROS GENERALES SURAMERICANA S.A.;NO;NO;SI;NO;NO;NO;NO;NO;NO;NO;NO;NO
21/01/2020;-1;HOLLMAN GONZALEZ  GEORGINA ISABEL;NO;NO;NO;NO;NO;NO;NO;NO;NO;NO;SI;NO
29/12/1973;45;Sin Información;NO;NO;SI;NO;NO;NO;NO;NO;NO;NO;NO;NO
21/01/2020;-1;SERVICIOS FINANCIEROS S.A. SERFINANSA COMPAÑIA DE FINANCIAMIENTO;NO;NO;NO;NO;NO;SI;NO;NO;NO;NO;NO;NO
23/09/1969;49;SEGUROS GENERALES SURAMERICANA S.A.;NO;NO;SI;NO;NO;NO;NO;NO;NO;NO;NO;NO
14/12/1979;39;DOMINGUEZ LOPEZ  CHARLES CESAR;NO;NO;NO;NO;NO;NO;NO;NO;NO;NO;NO;NO
31/07/1964;54;ASESORIAS INTEGRALES FUERTE SEGUROS LTDA;NO;NO;NO;NO;NO;SI;NO;SI;NO;NO;NO;NO
15/08/1970;48;MURCIA CASTRO  ELIANA;NO;NO;NO;NO;NO;NO;NO;SI;NO;NO;NO;NO
29/12/1959;59;WILLIS TOWERS WATSON COLOMBIA CORREDORES DE SEGUROS SA;NO;NO;NO;NO;NO;SI;NO;NO;NO;NO;NO;NO
27/11/1991;27;BIENES ACTIVOS LTDA;NO;NO;NO;NO;NO;SI;NO;SI;NO;NO;NO;NO
19/11/1975;43;SERVICIOS FINANCIEROS S.A. SERFINANSA COMPAÑIA DE FINANCIAMIENTO;NO;NO;NO;NO;NO;SI;NO;NO;NO;NO;NO;NO
17/07/1971;47;SEGUROS GENERALES SURAMERICANA S.A.;NO;NO;SI;NO;NO;NO;NO;NO;NO;NO;NO;NO
14/09/1976;42;VILLEGAS PELAEZ  DORA EUGENIA;NO;NO;NO;NO;NO;NO;NO;NO;NO;NO;NO;NO
25/09/1980;38;GIRALDO ARIAS  LUISA FERNANDA;NO;NO;NO;NO;NO;SI;NO;NO;NO;NO;NO;NO
4/12/1996;22;ECHEVERRI VILLEGAS  ALEJANDRA;NO;NO;NO;NO;NO;SI;NO;NO;NO;NO;NO;NO
1/09/1994;24;VELEZ ANAYA  MARIA ELENA;NO;NO;NO;NO;NO;NO;NO;SI;NO;NO;NO;NO
21/01/2020;-1;SEGUROS GENERALES SURAMERICANA S.A.;NO;NO;NO;NO;NO;SI;NO;NO;NO;NO;NO;NO
21/01/2020;-1;COMERCIAL COLOMBIANA LTDA AGENCIA DE SEGUROS;NO;NO;NO;NO;NO;NO;NO;NO;NO;NO;SI;NO
1/09/1971;47;WILLIS TOWERS WATSON COLOMBIA CORREDORES DE SEGUROS SA;NO;NO;NO;NO;NO;SI;NO;NO;NO;NO;NO;NO
28/07/1989;29;FILIANZA SEGURO LIMITADA;NO;NO;NO;NO;NO;SI;NO;SI;NO;NO;NO;NO
12/01/1957;62;BANCO FALABELLA S A;NO;NO;NO;NO;NO;SI;NO;NO;NO;NO;NO;NO
24/11/1960;58;WILLIS TOWERS WATSON COLOMBIA CORREDORES DE SEGUROS SA;NO;NO;NO;NO;NO;SI;NO;NO;NO;NO;NO;NO
25/05/1961;57;SERVICIOS FINANCIEROS S.A. SERFINANSA COMPAÑIA DE FINANCIAMIENTO;NO;NO;NO;NO;NO;SI;NO;NO;NO;NO;NO;NO
5/12/1976;42;AON RISK SERVICES COLOMBIA S.A.;NO;NO;NO;NO;NO;SI;NO;NO;NO;NO;NO;NO
25/02/1958;60;ANTURI ACERO  FREDY YESID;NO;NO;NO;NO;NO;NO;NO;NO;NO;NO;NO;NO
14/02/1993;25;WILLIS TOWERS WATSON COLOMBIA CORREDORES DE SEGUROS SA;NO;NO;NO;NO;NO;SI;NO;NO;NO;NO;NO;NO
21/01/2020;-1;WILLIS TOWERS WATSON COLOMBIA CORREDORES DE SEGUROS SA;SI;NO;NO;NO;NO;NO;NO;NO;NO;NO;NO;NO
26/09/1958;60;WILLIS TOWERS WATSON COLOMBIA CORREDORES DE SEGUROS SA;NO;NO;NO;NO;NO;SI;NO;NO;NO;NO;NO;NO
17/02/1962;56;BANCO FALABELLA S A;NO;NO;NO;NO;NO;SI;NO;NO;NO;NO;NO;NO
17/09/1986;32;SANCHEZ GIRALDO  JAIME HUMBERTO;NO;NO;NO;NO;NO;NO;NO;SI;NO;NO;NO;NO
30/12/1982;36;AON RISK SERVICES COLOMBIA S.A.;NO;NO;NO;NO;NO;SI;NO;NO;NO;NO;NO;NO
8/05/1991;27;SEGUROS GENERALES SURAMERICANA S.A.;NO;SI;NO;NO;NO;NO;NO;NO;NO;NO;NO;NO
22/12/1972;46;TAMAYO ARANGO  LUZ MARIELA;NO;NO;NO;NO;NO;SI;NO;NO;NO;NO;NO;NO
11/08/1987;31;WILLIS TOWERS WATSON COLOMBIA CORREDORES DE SEGUROS SA;NO;NO;NO;NO;NO;SI;NO;NO;NO;NO;NO;NO
22/10/1973;45;SEGUROS GENERALES SURAMERICANA S.A.;NO;NO;SI;NO;NO;NO;NO;NO;NO;NO;NO;NO
15/01/1989;30;SEGUROS GENERALES SURAMERICANA S.A.;NO;NO;NO;NO;NO;NO;NO;NO;NO;NO;NO;NO
30/05/1991;27;SEGUROS GENERALES SURAMERICANA S.A.;NO;NO;SI;NO;NO;NO;NO;NO;NO;NO;NO;NO
11/03/1992;26;GOMOSEC LTDA ASESORES PROFESIONALES;NO;NO;NO;NO;NO;SI;NO;SI;NO;NO;NO;NO
7/10/1973;45;INTEGRADOS AW ASESORIAS LIMITADA;NO;NO;NO;NO;NO;SI;NO;SI;NO;NO;NO;NO
10/01/1983;36;AON RISK SERVICES COLOMBIA S.A.;NO;NO;NO;NO;NO;SI;NO;NO;NO;NO;NO;NO
12/07/1952;66;WILLIS TOWERS WATSON COLOMBIA CORREDORES DE SEGUROS SA;NO;NO;NO;NO;NO;SI;NO;NO;NO;NO;NO;NO
27/08/1963;55;MOLINA GUTIERREZ  MANUEL ANTONIO;NO;NO;NO;NO;NO;NO;NO;NO;NO;NO;NO;NO
11/06/1997;21;Sin Información;NO;NO;SI;NO;NO;NO;SI;NO;NO;NO;NO;SI
21/01/2020;-1;AON RISK SERVICES COLOMBIA S.A.;NO;NO;NO;NO;NO;SI;NO;NO;NO;NO;NO;NO
6/11/1984;34;SERVICIOS FINANCIEROS S.A. SERFINANSA COMPAÑIA DE FINANCIAMIENTO;NO;NO;NO;NO;NO;SI;NO;NO;NO;NO;NO;NO
15/04/1983;35;SERVICIOS FINANCIEROS S.A. SERFINANSA COMPAÑIA DE FINANCIAMIENTO;NO;NO;NO;NO;NO;SI;NO;NO;NO;NO;NO;NO
21/01/2020;-1;SEGUROS GENERALES SURAMERICANA S.A.;NO;NO;NO;NO;NO;NO;NO;NO;NO;NO;NO;NO
4/03/2000;18;GARCES LLOREDA Y CIA SA CORREDORES DE SEGUROS;NO;NO;NO;NO;NO;NO;NO;SI;NO;NO;NO;NO
4/06/1989;29;WILLIS TOWERS WATSON COLOMBIA CORREDORES DE SEGUROS SA;NO;NO;NO;NO;NO;SI;NO;NO;NO;NO;NO;NO
20/12/1996;22;CRUZ GUARACA  MAIKOL ESTEVEN;NO;NO;NO;NO;NO;NO;NO;NO;NO;NO;NO;NO
1/10/1981;37;GALEANO DUARTE  DORIS HELENA;NO;NO;NO;SI;NO;NO;NO;NO;NO;NO;NO;NO
11/08/1972;46;WILLIS TOWERS WATSON COLOMBIA CORREDORES DE SEGUROS SA;NO;NO;NO;NO;NO;SI;NO;NO;NO;NO;NO;NO
9/06/1967;51;SEGUROS GENERALES SURAMERICANA S.A.;NO;SI;NO;NO;NO;NO;NO;NO;NO;NO;NO;NO
8/12/1968;50;SEGUROS GENERALES SURAMERICANA S.A.;NO;NO;SI;NO;NO;NO;NO;NO;NO;NO;NO;NO
12/06/1957;61;GPT CONSULTORES EN RIESGOS Y AS;SI;SI;SI;SI;SI;NO;NO;NO;NO;SI;NO;NO
15/10/1972;46;SEGUROS GENERALES SURAMERICANA S.A.;NO;NO;SI;NO;NO;NO;NO;NO;NO;NO;NO;NO
13/02/1976;42;AON RISK SERVICES COLOMBIA S.A.;NO;NO;NO;NO;NO;SI;NO;NO;NO;NO;NO;NO
16/07/1995;23;SEGUROS GENERALES SURAMERICANA S.A.;NO;NO;SI;NO;NO;NO;NO;NO;NO;NO;NO;NO
21/09/1973;45;SERVICIOS FINANCIEROS S.A. SERFINANSA COMPAÑIA DE FINANCIAMIENTO;NO;NO;NO;NO;NO;SI;NO;NO;NO;NO;NO;NO
27/09/1994;24;SEGUROS GENERALES SURAMERICANA S.A.;SI;NO;NO;NO;NO;NO;NO;NO;NO;NO;NO;NO
5/07/1980;38;DELIMA MARSH S.A. LOS CORREDORES DE SEGUROS;SI;NO;NO;NO;NO;NO;NO;NO;NO;NO;NO;NO
26/01/1983;35;RINCON SANCHEZ  ANA FRANCISCA;NO;NO;NO;NO;NO;NO;NO;NO;NO;NO;NO;NO
22/04/1959;59;RESTREPO HENAO S.A. CORREDORES DE SEGUROS;NO;NO;NO;NO;NO;SI;NO;SI;NO;NO;NO;NO
22/12/1970;48;RIESGOS Y SEGUROS SOLUCIONES INTEGRALES LTDA.;NO;NO;NO;NO;NO;SI;NO;SI;NO;NO;NO;NO
21/01/2020;-1;WILLIS TOWERS WATSON COLOMBIA CORREDORES DE SEGUROS SA;SI;NO;NO;NO;NO;NO;NO;NO;NO;NO;NO;NO
22/12/1975;43;WILLIS TOWERS WATSON COLOMBIA CORREDORES DE SEGUROS SA;NO;NO;NO;NO;NO;SI;NO;NO;NO;NO;NO;NO
9/09/1997;21;SEGUROS DE VIDA SURAMERICANA S.A.;NO;NO;SI;NO;NO;SI;NO;NO;NO;NO;NO;SI
5/01/1996;23;SERVICIOS FINANCIEROS S.A. SERFINANSA COMPAÑIA DE FINANCIAMIENTO;NO;NO;NO;NO;NO;SI;NO;NO;NO;NO;NO;NO
3/05/1953;65;MONTOYA OSORIO  CATALINA MARIA;NO;NO;NO;NO;NO;SI;NO;NO;NO;NO;NO;NO
21/01/2020;-1;TE ASEGURO. ASESORES EN SEGUROS LTDA;NO;NO;NO;NO;NO;NO;NO;NO;NO;NO;SI;NO
2/04/1985;33;SEGUROS GENERALES SURAMERICANA S.A.;NO;NO;SI;NO;NO;NO;NO;NO;NO;NO;NO;NO
2/12/1966;52;Sin Información;NO;NO;NO;NO;NO;NO;NO;NO;NO;NO;NO;NO
10/07/1967;51;SEGUROS GENERALES SURAMERICANA S.A.;NO;NO;SI;NO;NO;NO;SI;SI;NO;NO;NO;NO
5/03/1973;45;AON RISK SERVICES COLOMBIA S.A.;NO;NO;NO;NO;NO;SI;NO;NO;NO;NO;NO;NO
21/09/1964;54;SEGUROS GENERALES SURAMERICANA S.A.;NO;NO;NO;NO;NO;SI;NO;NO;NO;NO;NO;NO
24/12/1977;41;WILLIS TOWERS WATSON COLOMBIA CORREDORES DE SEGUROS SA;NO;NO;NO;NO;NO;SI;NO;NO;NO;NO;NO;NO
21/12/1989;29;RESTREPO HENAO S.A. CORREDORES DE SEGUROS;NO;NO;NO;NO;NO;SI;NO;SI;NO;NO;NO;NO
5/11/1960;58;AON RISK SERVICES COLOMBIA S.A.;NO;NO;NO;NO;NO;SI;NO;NO;NO;NO;NO;NO
21/06/1996;22;PEREZ PULIDO  CARLOS ALBERTO;NO;NO;NO;NO;NO;SI;NO;NO;NO;NO;NO;NO
8/02/1971;47;WILLIS TOWERS WATSON COLOMBIA CORREDORES DE SEGUROS SA;NO;NO;NO;NO;NO;SI;NO;NO;NO;NO;NO;NO
15/07/1966;52;SANTANDER FUENTES  JOSE MANUEL;NO;NO;NO;NO;NO;SI;NO;NO;NO;NO;NO;NO
9/03/1977;41;SEGUROS GENERALES SURAMERICANA S.A.;NO;NO;SI;NO;NO;NO;NO;NO;NO;NO;NO;NO
5/04/1977;41;MARQUEZ POLANCO  PAOLA ANDREA;NO;NO;NO;NO;NO;SI;NO;SI;NO;NO;NO;NO
26/02/1996;22;COOMEVA CORREDORES DE SEGUROS S.A.;NO;NO;NO;NO;NO;SI;NO;NO;NO;NO;NO;NO
21/01/2020;-1;UNISEGUROS LTDA ASESORES EN SEGUROS;NO;SI;NO;NO;NO;NO;NO;NO;NO;NO;NO;NO
28/10/1982;36;TORO RUA  CATALINA;NO;NO;NO;NO;NO;SI;NO;NO;NO;NO;NO;NO
8/11/1964;54;SEGUROS GENERALES SURAMERICANA S.A.;NO;SI;NO;NO;NO;NO;NO;NO;NO;NO;NO;NO
28/09/1971;47;SERVICIOS FINANCIEROS S.A. SERFINANSA COMPAÑIA DE FINANCIAMIENTO;NO;NO;NO;NO;NO;SI;NO;NO;NO;NO;NO;NO
19/10/1989;29;SEGUROS GENERALES SURAMERICANA S.A.;NO;NO;NO;NO;NO;SI;NO;SI;NO;NO;NO;NO
21/01/2020;-1;SEGUROS GENERALES SURAMERICANA S.A.;NO;SI;NO;NO;NO;NO;NO;NO;NO;NO;NO;NO
18/07/1984;34;LOPEZ AGUILAR  LUZ YANETH;NO;NO;NO;NO;NO;SI;NO;SI;NO;NO;NO;NO
30/04/1969;49;AON RISK SERVICES COLOMBIA S.A.;NO;NO;NO;NO;NO;SI;NO;SI;NO;NO;NO;NO
21/01/2020;-1;WILLIS TOWERS WATSON COLOMBIA CORREDORES DE SEGUROS SA;SI;NO;NO;NO;NO;NO;NO;NO;NO;NO;NO;NO
21/01/2020;-1;COMERCIAL COLOMBIANA LTDA AGENCIA DE SEGUROS;NO;NO;NO;NO;NO;NO;NO;NO;NO;NO;SI;NO
14/11/1981;37;WILLIS TOWERS WATSON COLOMBIA CORREDORES DE SEGUROS SA;NO;NO;NO;NO;NO;SI;NO;NO;NO;NO;NO;NO
20/12/1973;45;AON RISK SERVICES COLOMBIA S.A.;NO;NO;NO;NO;NO;SI;NO;NO;NO;NO;NO;NO
21/07/1987;31;SIERRA MESA  JAIRO ANTONIO;NO;NO;NO;NO;NO;SI;NO;SI;NO;NO;NO;NO
1/10/1992;26;SEGUROS GENERALES SURAMERICANA S.A.;NO;NO;SI;NO;NO;NO;NO;NO;NO;NO;NO;NO
21/01/2020;-1;DELGADO DE ACOSTA  CECILIA;NO;NO;NO;NO;NO;NO;NO;NO;NO;NO;NO;NO
28/02/1981;37;SEGUROS GENERALES SURAMERICANA S.A.;NO;NO;SI;NO;NO;NO;NO;NO;NO;NO;NO;NO
21/01/2020;-1;VERA MARTES  ALEJANDRO DE JESUS;NO;NO;NO;NO;NO;NO;NO;NO;NO;NO;SI;NO
2/11/1981;37;POSADA POSADA  AMALIA;NO;NO;NO;NO;NO;SI;NO;NO;NO;NO;NO;NO
21/01/2020;-1;ITAU CORREDOR DE SEGUROS COLOMBIA S.A;NO;NO;NO;NO;NO;NO;NO;NO;NO;NO;SI;NO
12/09/1984;34;SEGUROS GENERALES SURAMERICANA S.A.;SI;NO;NO;NO;NO;NO;NO;NO;NO;NO;NO;NO
9/10/1979;39;AON RISK SERVICES COLOMBIA S.A.;NO;NO;NO;NO;NO;SI;NO;NO;NO;NO;NO;NO
27/11/1977;41;ASESORIAS INTEGRALES FUERTE SEGUROS LTDA;NO;SI;NO;NO;NO;NO;NO;NO;NO;NO;NO;NO
2/11/1954;64;SEGUROS GENERALES SURAMERICANA S.A.;NO;NO;SI;NO;NO;NO;NO;NO;NO;NO;NO;NO
23/12/1983;35;VERA ASESORES LITDA;NO;NO;NO;NO;NO;SI;NO;NO;NO;NO;NO;NO
5/09/1964;54;RAMIREZ LONDOÑO  GERMAN EDUARDO;NO;NO;NO;NO;NO;SI;NO;SI;NO;NO;NO;NO
21/01/2020;-1;MORENO SALAS  WILMER ALEXANDER;NO;NO;NO;NO;NO;NO;NO;NO;NO;NO;SI;NO
11/09/1991;27;SERVICIOS FINANCIEROS S.A. SERFINANSA COMPAÑIA DE FINANCIAMIENTO;NO;NO;NO;NO;NO;SI;NO;NO;NO;NO;NO;NO
18/10/1983;35;AON RISK SERVICES COLOMBIA S.A.;NO;NO;NO;NO;NO;SI;NO;NO;NO;NO;NO;NO
17/12/1959;59;SEGUROS GENERALES SURAMERICANA S.A.;NO;NO;SI;NO;NO;NO;NO;NO;NO;NO;NO;NO
20/08/1968;50;SEGUROS GENERALES SURAMERICANA S.A.;NO;SI;NO;NO;NO;NO;NO;NO;NO;NO;NO;NO
21/01/2020;-1;COLOMBIA VIVE SEGUROS LTDA.;NO;NO;NO;NO;NO;NO;NO;NO;NO;NO;SI;NO
17/06/1975;43;CASAS LEON  DARWIN ANIBAL;NO;NO;NO;NO;NO;NO;NO;SI;NO;NO;NO;NO
6/06/1978;40;ZAPATA GALLEGO  JOHN FREDY;NO;NO;SI;NO;NO;NO;NO;NO;NO;NO;NO;NO
10/10/1992;26;ARENAS OTALVARO  JHOAN SEBASTIAN;NO;NO;NO;SI;NO;NO;NO;NO;NO;NO;NO;NO
11/11/1993;25;SEGUROS GENERALES SURAMERICANA S.A.;NO;NO;SI;NO;NO;NO;NO;NO;NO;NO;NO;NO
4/04/1959;59;FERNANDO MILTON GARVEY NUÑEZ;SI;NO;NO;NO;NO;NO;NO;NO;NO;NO;NO;NO
26/06/1990;28;ITAU CORREDOR DE SEGUROS COLOMBIA S.A;NO;NO;NO;NO;NO;SI;NO;NO;NO;NO;NO;NO
30/03/1994;24;SEGUROS GENERALES SURAMERICANA S.A.;NO;NO;NO;NO;NO;NO;NO;NO;NO;NO;NO;NO
7/09/1988;30;GESTA SEGUROS LTDA;NO;NO;NO;NO;NO;SI;NO;SI;NO;NO;NO;NO
21/01/2020;-1;ITAU CORREDOR DE SEGUROS COLOMBIA S.A;NO;NO;NO;NO;NO;NO;NO;NO;NO;NO;SI;NO
25/07/1979;39;AON RISK SERVICES COLOMBIA S.A.;NO;NO;NO;NO;NO;SI;NO;SI;NO;NO;NO;NO
29/07/1990;28;SEGUROS GENERALES SURAMERICANA S.A.;NO;NO;NO;NO;NO;NO;NO;NO;NO;NO;NO;NO
1/03/1977;41;SERVICIOS FINANCIEROS S.A. SERFINANSA COMPAÑIA DE FINANCIAMIENTO;NO;NO;NO;NO;NO;SI;NO;NO;NO;NO;NO;NO
11/03/1964;54;SEGUROS GENERALES SURAMERICANA S.A.;NO;NO;SI;NO;NO;NO;NO;NO;NO;NO;NO;NO
1/10/1976;42;WILLIS TOWERS WATSON COLOMBIA CORREDORES DE SEGUROS SA;NO;NO;NO;NO;NO;SI;NO;NO;NO;NO;NO;NO
26/12/1993;25;SEGUROS GENERALES SURAMERICANA S.A.;NO;NO;SI;NO;NO;NO;NO;NO;NO;NO;NO;NO
28/03/1998;20;BARRERA VELEZ  ERIKA VANESSA;NO;NO;NO;NO;NO;SI;NO;SI;NO;NO;NO;NO
24/02/1980;38;Sin Información;NO;NO;SI;NO;NO;NO;SI;SI;NO;NO;NO;SI
6/10/1955;63;SEGUROS GENERALES SURAMERICANA S.A.;NO;NO;NO;NO;NO;NO;NO;NO;NO;NO;NO;NO
17/02/1995;23;WILLIS TOWERS WATSON COLOMBIA CORREDORES DE SEGUROS SA;NO;NO;NO;NO;NO;SI;NO;NO;NO;NO;NO;NO
9/03/1957;61;SEGUROS GENERALES SURAMERICANA S.A.;NO;NO;SI;NO;NO;NO;NO;NO;NO;NO;NO;NO
21/01/2020;-1;CHICA DE CASAS  LIBIA AMPARO;NO;NO;NO;NO;NO;NO;NO;NO;NO;NO;SI;NO
21/01/2020;-1;DURANGO LOPEZ  JOHN MARIO;NO;NO;NO;NO;NO;NO;NO;NO;NO;NO;SI;NO
21/04/1984;34;SERVICIOS FINANCIEROS S.A. SERFINANSA COMPAÑIA DE FINANCIAMIENTO;NO;NO;NO;NO;NO;SI;NO;NO;NO;NO;NO;NO
22/03/1979;39;VELEZ ZAPATA  GABRIEL JAIME;NO;NO;NO;NO;NO;NO;NO;NO;NO;NO;NO;NO
24/05/1967;51;SEGUROS GENERALES SURAMERICANA S.A.;NO;NO;NO;NO;NO;NO;NO;NO;NO;NO;NO;NO
19/04/1966;52;WILLIS TOWERS WATSON COLOMBIA CORREDORES DE SEGUROS SA;NO;NO;NO;NO;NO;SI;NO;NO;NO;NO;NO;NO
14/02/1983;35;COMERCIAL COLOMBIANA LTDA AGENCIA DE SEGUROS;NO;NO;NO;NO;NO;SI;NO;NO;NO;NO;NO;NO
17/03/1993;25;AON RISK SERVICES COLOMBIA S.A.;NO;NO;NO;NO;NO;SI;NO;NO;NO;NO;NO;NO
18/09/1982;36;HURTADO PIÑEROS  PAULA;NO;NO;SI;NO;NO;NO;NO;NO;NO;NO;NO;NO
3/02/1989;29;Sin Información;NO;NO;NO;NO;NO;SI;NO;SI;NO;NO;NO;NO
9/03/1970;48;Sin Información;NO;NO;NO;NO;NO;NO;NO;NO;NO;NO;NO;NO
9/04/1979;39;SEGUROS GENERALES SURAMERICANA S.A.;NO;NO;NO;NO;NO;NO;NO;NO;NO;NO;NO;NO
11/11/1992;26;RESTREPO HENAO S.A. CORREDORES DE SEGUROS;NO;NO;NO;NO;NO;SI;NO;SI;NO;NO;NO;NO
9/10/2014;4;VILORIA FONTANILLA  ERNESTO JOSE;NO;NO;NO;NO;NO;SI;NO;NO;NO;NO;NO;NO
17/10/1961;57;SEGUROS GENERALES SURAMERICANA S.A.;NO;NO;SI;NO;NO;NO;NO;NO;NO;NO;NO;NO
1/12/1973;45;ARESS CORREDORES DE SEGUROS S.A;NO;NO;NO;NO;NO;SI;NO;NO;NO;NO;NO;NO
21/01/2020;-1;GEO ASESORES EN SEGUROS LIMITAD;NO;NO;NO;NO;NO;NO;NO;NO;NO;NO;NO;NO
21/01/2020;-1;SEGUROS GENERALES SURAMERICANA S.A.;NO;SI;NO;NO;NO;NO;NO;NO;NO;NO;NO;NO
20/11/1987;31;WILLIS TOWERS WATSON COLOMBIA CORREDORES DE SEGUROS SA;NO;NO;NO;NO;NO;SI;NO;NO;NO;NO;NO;NO
18/03/1979;39;HERNANDEZ PENAGOS  CESAR ANDRES;NO;NO;NO;NO;NO;SI;NO;SI;NO;NO;NO;NO
19/05/1957;61;SANCHEZ MOSCOSO  LUIS FELIPE;NO;SI;NO;NO;NO;NO;NO;NO;NO;NO;NO;NO
21/01/2020;-1;JARAMILLO AGUILAR  VICTOR DE JESUS;NO;NO;NO;NO;NO;NO;NO;NO;NO;NO;NO;NO
18/09/1969;49;WILLIS TOWERS WATSON COLOMBIA CORREDORES DE SEGUROS SA;NO;NO;NO;NO;NO;SI;NO;NO;NO;NO;NO;NO
18/01/1989;30;LOPEZ JIMENEZ  SANDRA MILENA;NO;NO;NO;NO;NO;SI;NO;NO;NO;NO;NO;NO
25/05/1975;43;LONDOÑO CALLE  DIANA PATRICIA;NO;NO;SI;NO;NO;NO;NO;NO;NO;NO;NO;NO
14/03/1977;41;SEGUROS ALIADOS LIMITADA;NO;NO;NO;NO;NO;NO;NO;NO;NO;NO;NO;NO
11/01/1977;42;PEREZ PULIDO  CARLOS ALBERTO;NO;NO;NO;NO;NO;SI;NO;NO;NO;NO;NO;NO
3/07/1968;50;SEGUROS GENERALES SURAMERICANA S.A.;NO;SI;NO;NO;NO;NO;NO;NO;NO;NO;NO;NO
20/01/1995;24;WILLIS TOWERS WATSON COLOMBIA CORREDORES DE SEGUROS SA;NO;NO;NO;NO;NO;SI;NO;NO;NO;NO;NO;NO
30/04/1992;26;SEGUROS GENERALES SURAMERICANA S.A.;NO;NO;SI;NO;NO;NO;NO;NO;NO;NO;NO;NO
14/11/1970;48;SALAZAR RODRIGUEZ  WILSON ANDRES;NO;NO;NO;NO;NO;NO;NO;NO;NO;SI;NO;NO
21/01/2020;-1;G&R CONSULTORES EN SEGUROS LTDA;NO;NO;NO;NO;NO;NO;NO;NO;NO;NO;SI;NO
21/01/2020;-1;GEO ASESORES EN SEGUROS LIMITAD;NO;NO;NO;NO;NO;NO;NO;NO;NO;NO;NO;NO
1/05/1982;36;PITRE VELASQUEZ Y CIA AGENCIA DE SEGUROS;NO;SI;NO;NO;NO;NO;NO;NO;NO;NO;NO;NO
11/06/1960;58;Sin Información;NO;NO;NO;NO;NO;NO;NO;NO;NO;NO;NO;NO
23/10/1957;61;WILLIS TOWERS WATSON COLOMBIA CORREDORES DE SEGUROS SA;NO;NO;NO;NO;NO;SI;NO;NO;NO;NO;NO;NO
15/11/1975;43;WILLIS TOWERS WATSON COLOMBIA CORREDORES DE SEGUROS SA;NO;NO;NO;NO;NO;SI;NO;NO;NO;NO;NO;NO
15/05/1984;34;SEGUROS GENERALES SURAMERICANA S.A.;NO;NO;SI;NO;NO;NO;NO;NO;NO;NO;NO;NO
21/01/2020;-1;ITAU CORREDOR DE SEGUROS COLOMBIA S.A;NO;NO;NO;NO;NO;NO;NO;NO;NO;NO;SI;NO
19/01/1983;36;AON RISK SERVICES COLOMBIA S.A.;NO;NO;NO;NO;NO;SI;NO;NO;NO;NO;NO;NO
23/09/1961;57;MULTI SEGUROS OB LTDA;NO;NO;NO;NO;NO;NO;NO;NO;NO;NO;NO;SI
3/02/1995;23;SEGUROS GENERALES SURAMERICANA S.A.;NO;NO;SI;NO;NO;NO;NO;NO;NO;NO;NO;NO
21/01/2020;-1;Sin Información;NO;NO;NO;NO;NO;NO;NO;SI;NO;NO;NO;NO
17/06/1979;39;AON RISK SERVICES COLOMBIA S.A.;NO;NO;NO;NO;NO;SI;NO;SI;NO;NO;NO;NO
1/02/1994;24;AON RISK SERVICES COLOMBIA S.A.;NO;NO;NO;NO;NO;SI;NO;NO;NO;NO;NO;NO
8/12/1978;40;Sin Información;NO;SI;NO;NO;NO;NO;NO;NO;NO;NO;NO;NO
22/02/1960;58;PIAMBA LOPEZ  MAURICIO FERNANDO;NO;NO;NO;NO;NO;SI;NO;NO;NO;NO;NO;NO
14/07/1978;40;CORRECOL CORREDORES COLOMBIANOS DE SEGUROS -PUDIEN;NO;NO;NO;NO;NO;SI;NO;NO;NO;NO;NO;NO
25/05/1983;35;SEGUROS GENERALES SURAMERICANA S.A.;NO;NO;NO;NO;NO;SI;NO;NO;NO;NO;NO;NO
13/03/1987;31;GRUPO COOGRANADA ASESORESEN SEGUROS LTDA;NO;NO;NO;NO;NO;SI;NO;NO;NO;NO;NO;NO
28/02/1991;27;Sin Información;NO;NO;NO;NO;NO;NO;NO;SI;NO;NO;NO;NO
27/10/1996;22;SEGUROS GENERALES SURAMERICANA S.A.;NO;SI;NO;NO;NO;NO;NO;NO;NO;NO;NO;NO
18/03/1981;37;SEGUROS GENERALES SURAMERICANA S.A.;NO;NO;SI;NO;NO;NO;NO;NO;NO;NO;NO;NO
23/02/1973;45;SEGUROS GENERALES SURAMERICANA S.A.;NO;NO;SI;NO;NO;NO;NO;NO;NO;NO;NO;NO
18/10/1949;69;SERVICIOS FINANCIEROS S.A. SERFINANSA COMPAÑIA DE FINANCIAMIENTO;NO;NO;NO;NO;NO;SI;NO;NO;NO;NO;NO;NO
19/02/1970;48;SEGUROS GENERALES SURAMERICANA S.A.;NO;NO;NO;NO;NO;NO;NO;NO;NO;NO;NO;NO
24/06/1977;41;PROSPERIDAD SEGUROS LTDA;NO;NO;NO;NO;NO;SI;NO;NO;NO;NO;NO;NO
9/03/1987;31;WILLIS TOWERS WATSON COLOMBIA CORREDORES DE SEGUROS SA;NO;NO;NO;NO;NO;SI;NO;NO;NO;NO;NO;NO
11/03/1998;20;SEGUROS GENERALES SURAMERICANA S.A.;NO;NO;NO;NO;NO;NO;NO;NO;NO;NO;NO;NO
21/01/2020;-1;SEGUROS GENERALES SURAMERICANA S.A.;NO;SI;NO;NO;NO;NO;NO;NO;NO;NO;NO;NO
11/06/1984;34;Sin Información;NO;NO;SI;NO;NO;NO;NO;NO;NO;NO;NO;NO
29/03/1974;44;SEGUROS GENERALES SURAMERICANA S.A.;NO;NO;NO;NO;NO;NO;SI;SI;NO;NO;NO;NO
25/02/1981;37;WILLIS TOWERS WATSON COLOMBIA CORREDORES DE SEGUROS SA;NO;NO;NO;NO;NO;SI;NO;NO;NO;NO;NO;NO
23/11/1964;54;Sin Información;NO;NO;NO;NO;NO;NO;NO;SI;NO;NO;NO;NO
29/12/1988;30;PAREJA FLOREZ  SANTIAGO;NO;SI;NO;NO;NO;NO;NO;NO;NO;NO;NO;NO
21/01/2020;-1;TE ASEGURO. ASESORES EN SEGUROS LTDA;NO;NO;NO;NO;NO;NO;NO;NO;NO;NO;SI;NO
19/09/1955;63;SEGUROS GENERALES SURAMERICANA S.A.;NO;NO;SI;NO;NO;NO;NO;NO;NO;NO;NO;NO
21/01/2020;-1;GUTIERREZ DE NIÑO  MARIA TERESA;NO;NO;NO;NO;NO;NO;NO;NO;NO;NO;SI;NO
21/02/1995;23;ENFOQUE INTEGRAL EN SEGUROS LTDA;NO;NO;NO;NO;NO;SI;NO;NO;NO;NO;NO;NO
22/02/1994;24;CONTACTO DIRECTO ASESORES EN SEGUROS LTDA;NO;NO;NO;NO;NO;SI;NO;NO;NO;NO;NO;NO
28/05/1992;26;WILLIS TOWERS WATSON COLOMBIA CORREDORES DE SEGUROS SA;NO;NO;NO;NO;NO;SI;NO;NO;NO;NO;NO;NO
25/10/1992;26;DELIMA MARSH S.A. LOS CORREDORES DE SEGUROS;NO;NO;NO;NO;NO;SI;NO;SI;NO;NO;NO;NO
4/09/1996;22;AMADO JORGE  JORGE RAUL;NO;NO;NO;NO;NO;SI;NO;NO;NO;NO;NO;NO
21/01/2020;-1;JARAMILLO AGUILAR  VICTOR DE JESUS;NO;NO;NO;NO;NO;NO;NO;NO;NO;NO;NO;NO
1/01/1950;69;MONTOYA OSORIO  CATALINA MARIA;NO;NO;NO;NO;NO;SI;NO;NO;NO;NO;NO;NO
3/02/2004;14;GRUPO COOGRANADA ASESORESEN SEGUROS LTDA;NO;NO;NO;NO;NO;NO;NO;NO;NO;NO;NO;NO
19/03/1965;53;WILLIS TOWERS WATSON COLOMBIA CORREDORES DE SEGUROS SA;NO;NO;NO;NO;NO;SI;NO;NO;NO;NO;NO;NO
12/09/1977;41;SEGUROS GENERALES SURAMERICANA S.A.;NO;SI;NO;NO;NO;NO;NO;NO;NO;NO;NO;NO
22/10/1992;26;SEGUROS GENERALES SURAMERICANA S.A.;SI;NO;NO;NO;NO;NO;NO;NO;NO;NO;NO;NO
2/05/1998;20;AON RISK SERVICES COLOMBIA S.A.;NO;NO;NO;NO;NO;SI;NO;SI;NO;NO;NO;NO
14/01/1982;37;SEGUROS GENERALES SURAMERICANA S.A.;NO;NO;SI;NO;NO;NO;NO;NO;NO;NO;NO;NO
20/09/1986;32;SEGUROS GENERALES SURAMERICANA S.A.;NO;NO;NO;NO;NO;NO;NO;NO;NO;NO;NO;NO
21/01/2020;-1;ACEVEDO QUIÑONEZ  CLARA INES;NO;NO;NO;NO;NO;NO;NO;NO;NO;NO;NO;NO
12/01/1997;22;VISION SEGURA Y CIA LTDA.;NO;NO;NO;NO;NO;SI;NO;NO;NO;NO;NO;NO
19/08/1946;72;SEGUROS GENERALES SURAMERICANA S.A.;NO;NO;NO;NO;NO;NO;NO;NO;NO;SI;NO;NO
21/01/2020;-1;MORA CIFUENTES  LITZENDRAHT;NO;NO;NO;NO;NO;NO;NO;NO;NO;NO;SI;NO
15/02/1979;39;WILLIS TOWERS WATSON COLOMBIA CORREDORES DE SEGUROS SA;NO;NO;NO;NO;NO;SI;NO;NO;NO;NO;NO;NO
21/01/2020;-1;SEGUROS GENERALES SURAMERICANA S.A.;NO;NO;NO;NO;NO;SI;NO;NO;NO;NO;NO;NO
9/11/1977;41;EDERY ROCA  VIVIANNE;NO;NO;NO;NO;NO;SI;NO;SI;NO;NO;NO;NO
24/05/1971;47;TE ASEGURO. ASESORES EN SEGUROS LTDA;NO;NO;NO;NO;SI;NO;NO;NO;NO;NO;NO;NO
10/06/1961;57;CONTACTO DIRECTO ASESORES EN SEGUROS LTDA;NO;NO;NO;NO;NO;SI;NO;NO;NO;NO;NO;NO
1/08/1935;83;SEGUROS GENERALES SURAMERICANA S.A.;NO;NO;NO;SI;NO;NO;NO;NO;NO;NO;NO;NO
20/06/1982;36;SEGUROS GENERALES SURAMERICANA S.A.;NO;SI;NO;NO;NO;NO;NO;NO;NO;NO;NO;NO
18/02/1987;31;SERVICIOS FINANCIEROS S.A. SERFINANSA COMPAÑIA DE FINANCIAMIENTO;NO;NO;NO;NO;NO;SI;NO;NO;NO;NO;NO;NO
27/05/1987;31;SEGUROS GENERALES SURAMERICANA S.A.;NO;SI;NO;NO;NO;NO;NO;SI;NO;NO;NO;NO
17/10/1985;33;GESTION DE TENDENCIAS DE RIESGOS Y SEGUROS AGENCIA DE SEGUROS LTDA;NO;NO;NO;NO;NO;SI;NO;SI;NO;NO;NO;NO
26/01/1984;34;EPS Y MEDICINA PREPAGADA SURAMERICANA S.A.;NO;NO;NO;NO;NO;NO;NO;NO;NO;NO;NO;NO
13/06/1980;38;MENDEZ MARTINEZ  JONATHAN STIVEN;NO;NO;NO;NO;NO;NO;NO;NO;NO;NO;NO;NO
22/09/1965;53;OSORNO AGUDELO  CARLOS ALFONSO;NO;NO;NO;NO;NO;SI;NO;NO;NO;NO;NO;NO
16/04/1976;42;MONTOYA OSORIO  CATALINA MARIA;NO;NO;NO;NO;NO;SI;NO;NO;NO;NO;NO;NO
17/07/1988;30;WILLIS TOWERS WATSON COLOMBIA CORREDORES DE SEGUROS SA;SI;NO;NO;NO;NO;SI;NO;NO;NO;NO;NO;NO
1/03/1968;50;GILBERTO CASTAÑO Y CIA LTDA. ASESORES EN SEGUROS;NO;NO;SI;SI;NO;NO;NO;NO;NO;NO;NO;NO
15/12/1979;39;DELIMA MARSH S.A. LOS CORREDORES DE SEGUROS;NO;NO;NO;NO;NO;NO;NO;SI;NO;NO;NO;NO
19/09/1996;22;TOTAL RISK SEGUROS LTDA. GESTION DE RIESGOS Y SEGUROS;NO;SI;NO;NO;NO;NO;NO;NO;NO;NO;NO;NO
2/08/1985;33;SEGUROS GENERALES SURAMERICANA S.A.;NO;SI;NO;NO;NO;NO;NO;NO;NO;NO;NO;NO
22/01/1986;32;WILLIS TOWERS WATSON COLOMBIA CORREDORES DE SEGUROS SA;NO;NO;NO;NO;NO;SI;NO;NO;NO;NO;NO;NO
21/12/1987;31;SERVICIOS FINANCIEROS S.A. SERFINANSA COMPAÑIA DE FINANCIAMIENTO;NO;NO;NO;NO;NO;SI;NO;NO;NO;NO;NO;NO
11/09/1976;42;WILLIS TOWERS WATSON COLOMBIA CORREDORES DE SEGUROS SA;NO;NO;NO;NO;NO;SI;NO;NO;NO;NO;NO;NO
18/01/1990;29;WILLIS TOWERS WATSON COLOMBIA CORREDORES DE SEGUROS SA;NO;NO;NO;NO;NO;SI;NO;NO;NO;NO;NO;NO
17/07/1974;44;HURTADO GONZALEZ  SANDRA ROCIO DEL ROSARIO;NO;NO;NO;NO;NO;SI;NO;SI;NO;NO;NO;NO
12/06/1972;46;MEGASEGUROS Y C IA LTDA.;NO;SI;NO;NO;NO;NO;NO;NO;NO;NO;NO;NO
5/10/1978;40;SERVICIOS FINANCIEROS S.A. SERFINANSA COMPAÑIA DE FINANCIAMIENTO;NO;NO;NO;NO;NO;SI;NO;NO;NO;NO;NO;NO
12/01/1963;56;WILLIS TOWERS WATSON COLOMBIA CORREDORES DE SEGUROS SA;NO;NO;NO;NO;NO;SI;NO;NO;NO;NO;NO;NO
9/04/1966;52;WILLIS TOWERS WATSON COLOMBIA CORREDORES DE SEGUROS SA;NO;NO;NO;NO;NO;SI;NO;NO;NO;NO;NO;NO
23/11/1966;52;COOPROSEGUROS AGENCIA DE SEGUROS LTDA;NO;SI;NO;NO;NO;NO;NO;NO;NO;NO;NO;NO
7/07/2014;4;MARQUEZ POLANCO  PAOLA ANDREA;NO;NO;NO;NO;NO;SI;NO;SI;NO;NO;NO;NO
23/12/1984;34;WILLIS TOWERS WATSON COLOMBIA CORREDORES DE SEGUROS SA;NO;NO;NO;NO;NO;SI;NO;NO;NO;NO;NO;NO
18/10/1963;55;WILLIS TOWERS WATSON COLOMBIA CORREDORES DE SEGUROS SA;NO;NO;NO;NO;NO;SI;NO;NO;NO;NO;NO;NO
23/05/1961;57;WILLIS TOWERS WATSON COLOMBIA CORREDORES DE SEGUROS SA;NO;NO;NO;NO;NO;SI;NO;NO;NO;NO;NO;NO
6/05/1971;47;WILLIS TOWERS WATSON COLOMBIA CORREDORES DE SEGUROS SA;NO;NO;NO;NO;NO;SI;NO;NO;NO;NO;NO;NO
2/12/1949;69;Sin Información;NO;NO;NO;NO;NO;NO;NO;SI;NO;NO;NO;NO
1/05/1991;27;SEGUROS GENERALES SURAMERICANA S.A.;NO;NO;NO;NO;NO;NO;NO;NO;NO;NO;NO;NO
10/06/1970;48;LOPEZ MUNERA  DIEGO MAURICIO;SI;NO;NO;NO;NO;NO;NO;NO;NO;NO;NO;NO
21/01/2020;-1;SEGUROS GENERALES SURAMERICANA S.A.;NO;SI;NO;NO;NO;NO;NO;NO;NO;NO;NO;NO
23/05/1988;30;Sin Información;NO;NO;NO;NO;NO;SI;NO;NO;NO;NO;NO;NO
21/01/2020;-1;ITAU CORREDOR DE SEGUROS COLOMBIA S.A;NO;NO;NO;NO;NO;NO;NO;NO;NO;NO;SI;NO
1/10/1969;49;SEGUROS GENERALES SURAMERICANA S.A.;NO;NO;SI;NO;NO;NO;NO;NO;NO;NO;NO;NO
10/08/1971;47;WILLIS TOWERS WATSON COLOMBIA CORREDORES DE SEGUROS SA;NO;NO;NO;NO;NO;SI;NO;NO;NO;NO;NO;NO
14/08/1970;48;SEGUROS GENERALES SURAMERICANA S.A.;NO;NO;NO;NO;NO;SI;NO;NO;NO;NO;NO;NO
12/01/1986;33;AON RISK SERVICES COLOMBIA S.A.;NO;NO;NO;NO;NO;SI;NO;NO;NO;NO;NO;NO
20/09/1987;31;WILLIS TOWERS WATSON COLOMBIA CORREDORES DE SEGUROS SA;NO;NO;NO;NO;NO;SI;NO;NO;NO;NO;NO;NO
13/09/1982;36;WILLIS TOWERS WATSON COLOMBIA CORREDORES DE SEGUROS SA;NO;NO;NO;NO;NO;SI;NO;NO;NO;NO;NO;NO
7/05/1985;33;ALARCON MOLANO  JULY VIVIANA;SI;SI;NO;NO;NO;NO;NO;NO;NO;NO;NO;NO
21/08/1981;37;WILLIS TOWERS WATSON COLOMBIA CORREDORES DE SEGUROS SA;NO;NO;NO;NO;NO;SI;NO;NO;NO;NO;NO;NO
4/11/1988;30;SIERRA BORREGO  JOSE ALFONSO;NO;NO;NO;NO;NO;SI;NO;NO;NO;NO;NO;NO
10/11/1962;56;RESTREPO HENAO S.A. CORREDORES DE SEGUROS;NO;NO;NO;NO;NO;SI;NO;SI;NO;NO;NO;NO
5/11/1976;42;MASSER S A S;NO;NO;NO;NO;NO;NO;NO;SI;NO;NO;NO;NO
3/02/1995;23;SEGUROS GENERALES SURAMERICANA S.A.;NO;NO;SI;NO;NO;NO;NO;NO;NO;NO;NO;NO
13/07/1961;57;SEGUROS GENERALES SURAMERICANA S.A.;NO;NO;NO;NO;NO;SI;NO;NO;NO;NO;NO;NO
21/01/2020;-1;GALEANO MENGUAL  CLAUDIA PATRICIA;NO;NO;NO;NO;NO;NO;NO;NO;NO;NO;NO;NO
20/01/1958;61;AMERICA DE SEGUROS LTDA;SI;NO;NO;NO;NO;NO;NO;NO;NO;NO;NO;NO
3/03/1967;51;WILLIS TOWERS WATSON COLOMBIA CORREDORES DE SEGUROS SA;NO;NO;NO;NO;NO;SI;NO;NO;NO;NO;NO;NO
27/02/1990;28;SEGUROS GENERALES SURAMERICANA S.A.;NO;NO;SI;NO;NO;NO;NO;NO;NO;NO;NO;SI
14/04/1999;19;SEGUROS GENERALES SURAMERICANA S.A.;NO;NO;NO;NO;NO;NO;NO;NO;NO;NO;NO;NO
5/11/1996;22;SEGUROS GENERALES SURAMERICANA S.A.;NO;SI;NO;NO;NO;NO;NO;NO;NO;NO;NO;NO
21/01/2020;-1;SEGUROS GENERALES SURAMERICANA S.A.;NO;NO;NO;NO;NO;NO;NO;NO;NO;NO;NO;NO
8/06/1975;43;SEGUROS GENERALES SURAMERICANA S.A.;NO;SI;SI;NO;NO;NO;NO;NO;NO;NO;NO;NO
21/01/2020;-1;CORSO LEYVA  HERNAN;NO;NO;NO;NO;NO;NO;NO;NO;NO;NO;SI;NO
17/10/1959;59;WILLIS TOWERS WATSON COLOMBIA CORREDORES DE SEGUROS SA;NO;NO;NO;NO;NO;SI;NO;NO;NO;NO;NO;NO
19/09/1954;64;WILLIS TOWERS WATSON COLOMBIA CORREDORES DE SEGUROS SA;SI;NO;NO;NO;NO;SI;NO;NO;NO;NO;NO;NO
17/12/1975;43;CONTACTO DIRECTO ASESORES EN SEGUROS LTDA;NO;NO;NO;NO;NO;SI;NO;SI;NO;NO;NO;NO
30/11/1951;67;Sin Información;NO;NO;NO;NO;NO;NO;NO;SI;NO;NO;NO;NO
21/01/2020;-1;GEO ASESORES EN SEGUROS LIMITAD;NO;NO;NO;NO;NO;NO;NO;NO;NO;NO;SI;NO
21/01/2020;-1;BANCO FALABELLA S A;NO;NO;NO;NO;NO;SI;NO;NO;NO;NO;NO;NO
18/07/1977;41;QUICENO .  OSCAR FERNANDO;NO;NO;NO;NO;NO;SI;NO;NO;NO;NO;NO;NO
15/02/1989;29;SEGUROS GENERALES SURAMERICANA S.A.;NO;NO;SI;NO;NO;NO;NO;NO;NO;NO;NO;NO
18/07/1972;46;AON RISK SERVICES COLOMBIA S.A.;NO;NO;NO;NO;NO;SI;NO;NO;NO;NO;NO;NO
21/01/2020;-1;SEGUROS GENERALES SURAMERICANA S.A.;NO;SI;NO;NO;NO;NO;NO;NO;NO;NO;NO;NO
9/12/1995;23;RENTERIA DICKSON  DIANA PATRICIA;NO;NO;NO;NO;NO;NO;NO;NO;NO;NO;NO;NO
21/01/2020;-1;COMERCIAL COLOMBIANA LTDA AGENCIA DE SEGUROS;NO;NO;NO;NO;NO;NO;NO;NO;NO;NO;NO;NO
21/01/2020;-1;SEGUROS GENERALES SURAMERICANA S.A.;NO;NO;NO;NO;NO;NO;NO;NO;NO;NO;SI;NO
29/10/1980;38;NAVARRO ALVAREZ  SAMUEL;NO;NO;SI;NO;NO;NO;NO;NO;NO;NO;NO;NO
13/12/1976;42;AON RISK SERVICES COLOMBIA S.A.;NO;NO;NO;NO;NO;SI;NO;NO;NO;NO;NO;NO
19/07/1955;63;QUINTERO ASOCIADOS Y CIA LTDA ASESORES D E SEGUROS;NO;NO;NO;NO;NO;SI;NO;NO;NO;NO;NO;NO
7/05/1960;58;SERVICIOS FINANCIEROS S.A. SERFINANSA COMPAÑIA DE FINANCIAMIENTO;NO;NO;NO;NO;NO;SI;NO;NO;NO;NO;NO;NO
10/03/1974;44;SEGUROS GENERALES SURAMERICANA S.A.;NO;NO;SI;NO;NO;NO;NO;NO;NO;NO;NO;NO
1/08/1980;38;AON RISK SERVICES COLOMBIA S.A.;NO;NO;NO;NO;NO;SI;NO;NO;NO;NO;NO;NO
3/08/1983;35;GRUPO G CONSULT ORES EN SEGUROS;NO;NO;NO;NO;NO;SI;NO;SI;NO;NO;NO;NO
5/11/1961;57;AON RISK SERVICES COLOMBIA S.A.;NO;NO;NO;NO;NO;SI;NO;NO;NO;NO;NO;NO
21/01/2020;-1;COMERCIAL COLOMBIANA LTDA AGENCIA DE SEGUROS;NO;NO;NO;NO;NO;NO;NO;NO;NO;NO;SI;NO
21/01/2020;-1;LOPEZ MORA  CARLOS ALBERTO;NO;SI;NO;NO;NO;NO;NO;NO;NO;NO;NO;NO
15/03/1949;69;DELIMA MARSH S.A. LOS CORREDORES DE SEGUROS;NO;NO;NO;NO;NO;SI;NO;NO;NO;NO;NO;NO
8/12/1986;32;SERVICIOS FINANCIEROS S.A. SERFINANSA COMPAÑIA DE FINANCIAMIENTO;NO;NO;NO;NO;NO;SI;NO;NO;NO;NO;NO;NO
21/01/2020;-1;COMERCIAL COLOMBIANA LTDA AGENCIA DE SEGUROS;NO;NO;NO;NO;NO;NO;NO;NO;NO;NO;SI;NO
21/01/2020;-1;DELIMA MARSH S.A. LOS CORREDORES DE SEGUROS;NO;NO;NO;NO;NO;NO;NO;NO;NO;NO;SI;NO
21/01/2020;-1;SEGUROS GENERALES SURAMERICANA S.A.;NO;NO;NO;NO;NO;NO;NO;NO;NO;NO;NO;NO
15/01/1942;77;SEGUROS CAPITAL LTDA;NO;SI;NO;NO;NO;NO;NO;NO;NO;NO;NO;NO
21/01/2020;-1;GONZALEZ GONZALEZ  ANGELA MARCELA;NO;NO;NO;NO;NO;NO;NO;NO;NO;NO;SI;NO
16/12/1941;77;WILLIS TOWERS WATSON COLOMBIA CORREDORES DE SEGUROS SA;NO;NO;NO;NO;NO;SI;NO;NO;NO;NO;NO;NO
24/06/1975;43;SEGUROS GENERALES SURAMERICANA S.A.;NO;SI;NO;NO;NO;NO;NO;NO;NO;NO;NO;NO
23/08/1992;26;ABRIL RIESGOS Y SEGUROS LIMIT;NO;NO;NO;NO;NO;SI;NO;NO;NO;NO;NO;NO
17/05/1981;37;SEGUROS GENERALES SURAMERICANA S.A.;NO;NO;NO;NO;NO;NO;NO;NO;NO;NO;NO;NO
6/06/1988;30;SEGUROS DE VIDA SURAMERICANA S.A.;NO;NO;NO;NO;NO;NO;NO;NO;NO;NO;NO;NO
21/01/2020;-1;VELEZ LOPEZ  JUAN FRANCISCO;NO;NO;NO;NO;NO;NO;NO;NO;NO;NO;SI;NO
1/10/1996;22;SERVICIOS FINANCIEROS S.A. SERFINANSA COMPAÑIA DE FINANCIAMIENTO;NO;NO;NO;NO;NO;SI;NO;NO;NO;NO;NO;NO
31/08/1979;39;ABADIA AGUDELO  JULIAN CAMILO;NO;NO;NO;NO;NO;NO;NO;NO;NO;NO;NO;NO
19/12/1962;56;ROBAYO MONROY  LUZ ELIDA;NO;NO;SI;NO;NO;NO;NO;NO;NO;NO;NO;NO
21/01/2020;-1;DELIMA MARSH S.A. LOS CORREDORES DE SEGUROS;NO;NO;NO;NO;NO;NO;NO;NO;NO;NO;SI;NO
27/10/1979;39;PEREZ BARRERA  SANDRA YAMELI;NO;NO;SI;NO;NO;NO;NO;NO;NO;NO;NO;NO
30/09/1995;23;DELIMA MARSH S.A. LOS CORREDORES DE SEGUROS;NO;NO;NO;NO;NO;SI;NO;SI;NO;NO;NO;NO
21/11/1990;28;WILLIS TOWERS WATSON COLOMBIA CORREDORES DE SEGUROS SA;NO;NO;NO;NO;NO;SI;NO;NO;NO;NO;NO;NO
2/08/1978;40;WILLIS TOWERS WATSON COLOMBIA CORREDORES DE SEGUROS SA;NO;NO;NO;NO;NO;SI;NO;NO;NO;NO;NO;NO
3/07/1964;54;SEGUROS GENERALES SURAMERICANA S.A.;NO;SI;NO;NO;NO;NO;NO;NO;NO;NO;NO;NO
24/07/1998;20;WILLIS TOWERS WATSON COLOMBIA CORREDORES DE SEGUROS SA;NO;NO;NO;NO;NO;SI;NO;NO;NO;NO;NO;NO
29/11/1976;42;SEGUROS GENERALES SURAMERICANA S.A.;NO;SI;NO;NO;NO;NO;NO;SI;NO;NO;NO;NO
21/01/2020;-1;COMERCIAL COLOMBIANA LTDA AGENCIA DE SEGUROS;NO;NO;NO;NO;NO;NO;NO;NO;NO;NO;SI;NO
28/01/1989;29;SEGUROS GENERALES SURAMERICANA S.A.;NO;NO;NO;NO;NO;NO;NO;NO;NO;NO;NO;NO
15/04/1981;37;AON RISK SERVICES COLOMBIA S.A.;NO;NO;NO;NO;NO;SI;NO;NO;NO;NO;NO;NO
14/06/1992;26;WILLIS TOWERS WATSON COLOMBIA CORREDORES DE SEGUROS SA;NO;NO;NO;NO;NO;SI;NO;SI;NO;NO;NO;NO
15/08/1961;57;SERVICIOS FINANCIEROS S.A. SERFINANSA COMPAÑIA DE FINANCIAMIENTO;NO;NO;NO;NO;NO;SI;NO;NO;NO;NO;NO;NO
2/12/1982;36;AON RISK SERVICES COLOMBIA S.A.;NO;NO;NO;NO;NO;SI;NO;NO;NO;NO;NO;NO
21/01/2020;-1;SEGUROS GENERALES SURAMERICANA S.A.;NO;SI;NO;NO;NO;NO;NO;NO;NO;NO;NO;NO
27/10/1987;31;AON RISK SERVICES COLOMBIA S.A.;NO;NO;NO;NO;NO;SI;NO;SI;NO;NO;NO;NO
23/09/1960;58;HERNANDEZ PENAGOS  CESAR ANDRES;NO;NO;NO;NO;NO;SI;NO;SI;NO;NO;NO;NO
21/01/2020;-1;SERVICIOS FINANCIEROS S.A. SERFINANSA COMPAÑIA DE FINANCIAMIENTO;NO;NO;NO;NO;NO;SI;NO;NO;NO;NO;NO;NO
2/10/1976;42;BOTETT OTERO  WENDY PAOLA;NO;NO;NO;NO;NO;SI;NO;SI;NO;NO;NO;NO
22/06/1984;34;WILLIS TOWERS WATSON COLOMBIA CORREDORES DE SEGUROS SA;NO;NO;NO;NO;NO;SI;NO;NO;NO;NO;NO;NO
9/06/1955;63;SERENTIA SEGUROS LIMITADA AGENCIA DE SEGUROS;NO;NO;NO;NO;NO;SI;NO;NO;NO;NO;NO;NO
2/01/1969;50;COMERCIAL COLOMBIANA LTDA AGENCIA DE SEGUROS;NO;NO;NO;NO;NO;SI;NO;NO;NO;NO;NO;NO
25/08/1972;46;BARROS NARANJO  VICTOR JAVIER;NO;NO;NO;NO;NO;SI;NO;NO;NO;NO;NO;NO
21/01/2020;-1;WILLIS TOWERS WATSON COLOMBIA CORREDORES DE SEGUROS SA;SI;NO;NO;NO;NO;SI;NO;NO;NO;NO;NO;NO
29/04/1971;47;Sin Información;NO;NO;NO;NO;NO;NO;NO;NO;NO;NO;NO;NO
7/02/1983;35;HMAMERICANA;NO;NO;SI;SI;NO;NO;NO;NO;NO;NO;NO;NO
18/02/1969;49;ITAU CORREDOR DE SEGUROS COLOMBIA S.A;NO;NO;NO;NO;NO;SI;NO;SI;NO;NO;NO;NO
22/08/1977;41;AGENCIA CENTRAL PREVISION DE SE;NO;NO;NO;NO;NO;SI;NO;NO;NO;NO;NO;NO
20/01/1958;61;AON RISK SERVICES COLOMBIA S.A.;NO;NO;NO;NO;NO;SI;NO;NO;NO;NO;NO;NO
22/09/1982;36;SEGUROS GENERALES SURAMERICANA S.A.;NO;NO;SI;NO;NO;NO;NO;NO;NO;NO;NO;NO
20/06/1982;36;WILLIS TOWERS WATSON COLOMBIA CORREDORES DE SEGUROS SA;NO;NO;NO;NO;NO;SI;NO;NO;NO;NO;NO;NO
17/05/1954;64;SERVICIOS FINANCIEROS S.A. SERFINANSA COMPAÑIA DE FINANCIAMIENTO;NO;NO;NO;NO;NO;SI;NO;NO;NO;NO;NO;NO
12/05/1974;44;AON RISK SERVICES COLOMBIA S.A.;NO;NO;NO;NO;NO;SI;NO;SI;NO;NO;NO;NO
21/01/2020;-1;SEGUROS GENERALES SURAMERICANA S.A.;NO;SI;NO;NO;NO;NO;NO;NO;NO;NO;NO;NO
30/04/1951;67;110% ASESORES DE SEGUROS LTDA;NO;NO;NO;NO;NO;SI;NO;NO;NO;NO;NO;NO
11/10/1986;32;SEGUROS GENERALES SURAMERICANA S.A.;NO;NO;NO;NO;NO;NO;NO;NO;NO;NO;NO;NO
23/07/1982;36;SEGUROS GENERALES SURAMERICANA S.A.;NO;NO;SI;NO;NO;NO;NO;NO;NO;NO;NO;NO
1/07/1993;25;SEGUROS RUTH ANGELA VEGA LTDA;NO;NO;NO;NO;NO;NO;NO;NO;NO;NO;NO;NO
23/01/1939;79;COSECHAMOS EXPERIENCIA LTD;NO;NO;NO;NO;NO;SI;NO;NO;NO;NO;NO;NO
2/12/2001;17;BARRERA RODRIGUEZ  SONIA ALEJANDRA;NO;NO;NO;NO;NO;NO;NO;NO;NO;NO;NO;NO
21/01/2020;-1;SEGUROS GENERALES SURAMERICANA S.A.;NO;SI;NO;NO;NO;NO;NO;NO;NO;NO;NO;NO
26/12/1954;64;PROTECCION GARANTIZADA LTDA;NO;NO;NO;NO;NO;NO;NO;NO;NO;NO;NO;NO
13/01/1951;68;Sin Información;NO;NO;NO;NO;SI;NO;NO;NO;NO;NO;NO;NO
19/06/1985;33;DAZA GUTIERREZ  NATALIA;NO;SI;NO;NO;NO;NO;NO;NO;NO;NO;NO;NO
21/01/2020;-1;SEGUROS GENERALES SURAMERICANA S.A.;NO;NO;NO;NO;NO;NO;NO;NO;NO;NO;SI;NO
29/06/1939;79;JARDINE LLOYD THOMPSON VALENCIA & IRAGORRI CORREDORES DE SEGUROS S.A.;NO;NO;NO;NO;NO;SI;NO;SI;NO;NO;NO;NO
5/07/1984;34;AON RISK SERVICES COLOMBIA S.A.;NO;NO;NO;NO;NO;SI;NO;NO;NO;NO;NO;NO
30/08/1966;52;WILLIS TOWERS WATSON COLOMBIA CORREDORES DE SEGUROS SA;SI;NO;NO;NO;NO;NO;NO;NO;NO;NO;NO;NO
21/01/2020;-1;SANTIAGO VELEZ & ASOCIADOS. CORREDORES DE SEGUROS S.A;NO;NO;NO;NO;NO;NO;NO;NO;NO;NO;SI;NO
21/03/1954;64;ESCOBAR MUÑETON  SERGIO ANDRES;SI;NO;NO;NO;NO;NO;NO;NO;NO;NO;NO;NO
19/03/1985;33;SEGUROS GENERALES SURAMERICANA S.A.;NO;NO;SI;NO;NO;NO;NO;NO;NO;NO;NO;NO
21/01/2020;-1;SEGUROS GENERALES SURAMERICANA S.A.;NO;NO;NO;NO;NO;NO;NO;NO;NO;NO;NO;NO
3/05/1966;52;MORENO SALAS  LEONARDO;NO;NO;SI;NO;NO;NO;NO;NO;NO;SI;NO;NO
10/09/1951;67;DELIMA MARSH S.A. LOS CORREDORES DE SEGUROS;NO;NO;NO;NO;NO;SI;NO;SI;NO;NO;NO;NO
23/11/1972;46;SEGUROS GENERALES SURAMERICANA S.A.;NO;SI;SI;NO;NO;NO;NO;NO;NO;NO;NO;NO
21/01/2020;-1;SEGUROS GENERALES SURAMERICANA S.A.;NO;NO;NO;NO;NO;SI;NO;NO;NO;NO;NO;NO
2/12/1973;45;SEGUROS GENERALES SURAMERICANA S.A.;NO;NO;SI;NO;NO;NO;NO;NO;NO;NO;NO;SI
14/04/1968;50;WILLIS TOWERS WATSON COLOMBIA CORREDORES DE SEGUROS SA;NO;NO;NO;NO;NO;SI;NO;NO;NO;NO;NO;NO
11/05/1948;70;AGENCIA CENTRAL PREVISION DE SE;NO;NO;NO;NO;NO;SI;NO;NO;NO;NO;NO;NO
27/07/1985;33;SEGUROS GENERALES SURAMERICANA S.A.;NO;NO;SI;NO;NO;NO;NO;NO;NO;NO;NO;NO
21/01/2020;-1;DELIMA MARSH S.A. LOS CORREDORES DE SEGUROS;NO;NO;NO;NO;NO;NO;NO;NO;NO;NO;SI;NO
31/01/1984;34;SEGUROS GENERALES SURAMERICANA S.A.;NO;SI;NO;NO;NO;NO;NO;NO;NO;NO;NO;NO
4/11/1995;23;RODRIGUEZ PINEDA  CLAUDIA PATRICIA;NO;SI;NO;NO;NO;NO;NO;NO;NO;NO;NO;NO
29/08/1993;25;SEGUROS GENERALES SURAMERICANA S.A.;NO;SI;NO;NO;NO;NO;NO;NO;NO;NO;NO;NO
16/06/1978;40;PRESENTE AGENCIA DE SEGUROS LTDA.;NO;SI;NO;NO;NO;NO;NO;NO;NO;NO;NO;NO
9/08/1995;23;HERNANDEZ PENAGOS  CESAR ANDRES;NO;NO;NO;NO;NO;SI;NO;NO;NO;NO;NO;NO
31/07/1990;28;GEMELSEGUROS ASESORES LTDA SOCIEDAD ADMINISTRADORA DE SEGUROS;SI;NO;NO;NO;NO;NO;NO;NO;NO;NO;NO;NO
26/11/1951;67;WILLIS TOWERS WATSON COLOMBIA CORREDORES DE SEGUROS SA;NO;NO;NO;NO;NO;SI;NO;NO;NO;NO;NO;NO
24/10/1979;39;SERVICIOS FINANCIEROS S.A. SERFINANSA COMPAÑIA DE FINANCIAMIENTO;NO;NO;NO;NO;NO;SI;NO;NO;NO;NO;NO;NO
7/01/1982;37;SEGUROS GENERALES SURAMERICANA S.A.;NO;SI;NO;NO;NO;NO;NO;NO;NO;NO;NO;NO
23/07/1989;29;COLOMBIANA DE COMERCIO S A;NO;SI;NO;NO;NO;NO;NO;NO;NO;NO;NO;NO
13/07/1986;32;TORO VARGAS  DIEGO ANDRES;NO;NO;NO;NO;NO;NO;NO;NO;NO;NO;NO;NO
15/03/1954;64;Sin Información;NO;NO;NO;NO;NO;NO;NO;SI;NO;NO;NO;NO
15/01/1983;36;WILLIS TOWERS WATSON COLOMBIA CORREDORES DE SEGUROS SA;NO;NO;NO;NO;NO;SI;NO;NO;NO;NO;NO;NO
21/01/2020;-1;SEGUROS GENERALES SURAMERICANA S.A.;NO;SI;NO;NO;NO;NO;NO;NO;NO;NO;NO;NO
21/01/2020;-1;COMERCIAL COLOMBIANA LTDA AGENCIA DE SEGUROS;NO;NO;NO;NO;NO;NO;NO;NO;NO;NO;SI;NO
26/10/1965;53;SEGUROS GENERALES SURAMERICANA S.A.;NO;SI;NO;NO;NO;NO;NO;NO;NO;NO;NO;NO
15/01/1975;44;SEGUROS GENERALES SURAMERICANA S.A.;NO;SI;NO;NO;NO;NO;NO;SI;NO;NO;NO;NO
3/09/1950;68;SEGUROS GENERALES SURAMERICANA S.A.;NO;NO;NO;NO;NO;NO;NO;NO;NO;NO;NO;SI
18/12/1973;45;CAUSIL MESTRA  BLANCA POLICARPA;NO;SI;NO;NO;NO;NO;NO;NO;NO;NO;NO;NO
24/07/1976;42;Sin Información;NO;NO;NO;NO;NO;NO;NO;NO;NO;NO;NO;NO
8/09/1966;52;WILLIS TOWERS WATSON COLOMBIA CORREDORES DE SEGUROS SA;SI;NO;NO;NO;NO;SI;NO;NO;NO;NO;NO;NO
3/06/1979;39;SEGUROS GENERALES SURAMERICANA S.A.;NO;NO;SI;NO;NO;NO;NO;NO;NO;NO;NO;NO
21/04/1974;44;INCOLMOTOS - YAMAHA S.A.;NO;SI;NO;NO;NO;NO;NO;SI;NO;NO;NO;NO
12/06/1984;34;SOCARRAS POLO  CARLOS ALBERTO;NO;SI;NO;NO;NO;NO;NO;NO;NO;NO;NO;NO
30/03/1985;33;AON RISK SERVICES COLOMBIA S.A.;NO;NO;NO;NO;NO;SI;NO;NO;NO;NO;NO;NO
13/01/1966;53;AON RISK SERVICES COLOMBIA S.A.;NO;NO;NO;NO;NO;SI;NO;NO;NO;NO;NO;NO
